State,Education,Major
Alabama,Less_than_high_school_graduate,
Alabama,High_school_graduate_includes_equivalency,
Alabama,Some_college_or_associates_degree,
Alabama,Bachelors_degree,Combined_25_to_39_years
Alabama,Bachelors_degree,Biological_Agricultural_and_Environmental_Sciences
Alabama,Bachelors_degree,Business
Alabama,Bachelors_degree,Communications
Alabama,Bachelors_degree,Computers_Mathematics_and_Statistics
Alabama,Bachelors_degree,Education
Alabama,Bachelors_degree,Engineering
Alabama,Bachelors_degree,Liberal_Arts_and_History
Alabama,Bachelors_degree,Literature_and_Languages
Alabama,Bachelors_degree,Multidisciplinary_Studies
Alabama,Bachelors_degree,Other
Alabama,Bachelors_degree,Physical_and_Related_Sciences
Alabama,Bachelors_degree,Psychology
Alabama,Bachelors_degree,Science_and_Engineering_Related_Fields
Alabama,Bachelors_degree,Social_Sciences
Alabama,Bachelors_degree,Visual_and_Performing_Arts
Alabama,Less_than_high_school_graduate,
Alabama,High_school_graduate_includes_equivalency,
Alabama,Some_college_or_associates_degree,
Alabama,Bachelors_degree,Combined_25_to_39_years
Alabama,Bachelors_degree,Biological_Agricultural_and_Environmental_Sciences
Alabama,Bachelors_degree,Business
Alabama,Bachelors_degree,Communications
Alabama,Bachelors_degree,Computers_Mathematics_and_Statistics
Alabama,Bachelors_degree,Education
Alabama,Bachelors_degree,Engineering
Alabama,Bachelors_degree,Liberal_Arts_and_History
Alabama,Bachelors_degree,Literature_and_Languages
Alabama,Bachelors_degree,Multidisciplinary_Studies
Alabama,Bachelors_degree,Other
Alabama,Bachelors_degree,Physical_and_Related_Sciences
Alabama,Bachelors_degree,Psychology
Alabama,Bachelors_degree,Science_and_Engineering_Related_Fields
Alabama,Bachelors_degree,Social_Sciences
Alabama,Bachelors_degree,Visual_and_Performing_Arts
Alaska,Less_than_high_school_graduate,
Alaska,High_school_graduate_includes_equivalency,
Alaska,Some_college_or_associates_degree,
Alaska,Bachelors_degree,Combined_25_to_39_years
Alaska,Bachelors_degree,Biological_Agricultural_and_Environmental_Sciences
Alaska,Bachelors_degree,Business
Alaska,Bachelors_degree,Communications
Alaska,Bachelors_degree,Computers_Mathematics_and_Statistics
Alaska,Bachelors_degree,Education
Alaska,Bachelors_degree,Engineering
Alaska,Bachelors_degree,Liberal_Arts_and_History
Alaska,Bachelors_degree,Literature_and_Languages
Alaska,Bachelors_degree,Multidisciplinary_Studies
Alaska,Bachelors_degree,Other
Alaska,Bachelors_degree,Physical_and_Related_Sciences
Alaska,Bachelors_degree,Psychology
Alaska,Bachelors_degree,Science_and_Engineering_Related_Fields
Alaska,Bachelors_degree,Social_Sciences
Alaska,Bachelors_degree,Visual_and_Performing_Arts
Alaska,Less_than_high_school_graduate,
Alaska,High_school_graduate_includes_equivalency,
Alaska,Some_college_or_associates_degree,
Alaska,Bachelors_degree,Combined_25_to_39_years
Alaska,Bachelors_degree,Biological_Agricultural_and_Environmental_Sciences
Alaska,Bachelors_degree,Business
Alaska,Bachelors_degree,Communications
Alaska,Bachelors_degree,Computers_Mathematics_and_Statistics
Alaska,Bachelors_degree,Education
Alaska,Bachelors_degree,Engineering
Alaska,Bachelors_degree,Liberal_Arts_and_History
Alaska,Bachelors_degree,Literature_and_Languages
Alaska,Bachelors_degree,Multidisciplinary_Studies
Alaska,Bachelors_degree,Other
Alaska,Bachelors_degree,Physical_and_Related_Sciences
Alaska,Bachelors_degree,Psychology
Alaska,Bachelors_degree,Science_and_Engineering_Related_Fields
Alaska,Bachelors_degree,Social_Sciences
Alaska,Bachelors_degree,Visual_and_Performing_Arts
Arizona,Less_than_high_school_graduate,
Arizona,High_school_graduate_includes_equivalency,
Arizona,Some_college_or_associates_degree,
Arizona,Bachelors_degree,Combined_25_to_39_years
Arizona,Bachelors_degree,Biological_Agricultural_and_Environmental_Sciences
Arizona,Bachelors_degree,Business
Arizona,Bachelors_degree,Communications
Arizona,Bachelors_degree,Computers_Mathematics_and_Statistics
Arizona,Bachelors_degree,Education
Arizona,Bachelors_degree,Engineering
Arizona,Bachelors_degree,Liberal_Arts_and_History
Arizona,Bachelors_degree,Literature_and_Languages
Arizona,Bachelors_degree,Multidisciplinary_Studies
Arizona,Bachelors_degree,Other
Arizona,Bachelors_degree,Physical_and_Related_Sciences
Arizona,Bachelors_degree,Psychology
Arizona,Bachelors_degree,Science_and_Engineering_Related_Fields
Arizona,Bachelors_degree,Social_Sciences
Arizona,Bachelors_degree,Visual_and_Performing_Arts
Arizona,Less_than_high_school_graduate,
Arizona,High_school_graduate_includes_equivalency,
Arizona,Some_college_or_associates_degree,
Arizona,Bachelors_degree,Combined_25_to_39_years
Arizona,Bachelors_degree,Biological_Agricultural_and_Environmental_Sciences
Arizona,Bachelors_degree,Business
Arizona,Bachelors_degree,Communications
Arizona,Bachelors_degree,Computers_Mathematics_and_Statistics
Arizona,Bachelors_degree,Education
Arizona,Bachelors_degree,Engineering
Arizona,Bachelors_degree,Liberal_Arts_and_History
Arizona,Bachelors_degree,Literature_and_Languages
Arizona,Bachelors_degree,Multidisciplinary_Studies
Arizona,Bachelors_degree,Other
Arizona,Bachelors_degree,Physical_and_Related_Sciences
Arizona,Bachelors_degree,Psychology
Arizona,Bachelors_degree,Science_and_Engineering_Related_Fields
Arizona,Bachelors_degree,Social_Sciences
Arizona,Bachelors_degree,Visual_and_Performing_Arts
Arkansas,Less_than_high_school_graduate,
Arkansas,High_school_graduate_includes_equivalency,
Arkansas,Some_college_or_associates_degree,
Arkansas,Bachelors_degree,Combined_25_to_39_years
Arkansas,Bachelors_degree,Biological_Agricultural_and_Environmental_Sciences
Arkansas,Bachelors_degree,Business
Arkansas,Bachelors_degree,Communications
Arkansas,Bachelors_degree,Computers_Mathematics_and_Statistics
Arkansas,Bachelors_degree,Education
Arkansas,Bachelors_degree,Engineering
Arkansas,Bachelors_degree,Liberal_Arts_and_History
Arkansas,Bachelors_degree,Literature_and_Languages
Arkansas,Bachelors_degree,Multidisciplinary_Studies
Arkansas,Bachelors_degree,Other
Arkansas,Bachelors_degree,Physical_and_Related_Sciences
Arkansas,Bachelors_degree,Psychology
Arkansas,Bachelors_degree,Science_and_Engineering_Related_Fields
Arkansas,Bachelors_degree,Social_Sciences
Arkansas,Bachelors_degree,Visual_and_Performing_Arts
Arkansas,Less_than_high_school_graduate,
Arkansas,High_school_graduate_includes_equivalency,
Arkansas,Some_college_or_associates_degree,
Arkansas,Bachelors_degree,Combined_25_to_39_years
Arkansas,Bachelors_degree,Biological_Agricultural_and_Environmental_Sciences
Arkansas,Bachelors_degree,Business
Arkansas,Bachelors_degree,Communications
Arkansas,Bachelors_degree,Computers_Mathematics_and_Statistics
Arkansas,Bachelors_degree,Education
Arkansas,Bachelors_degree,Engineering
Arkansas,Bachelors_degree,Liberal_Arts_and_History
Arkansas,Bachelors_degree,Literature_and_Languages
Arkansas,Bachelors_degree,Multidisciplinary_Studies
Arkansas,Bachelors_degree,Other
Arkansas,Bachelors_degree,Physical_and_Related_Sciences
Arkansas,Bachelors_degree,Psychology
Arkansas,Bachelors_degree,Science_and_Engineering_Related_Fields
Arkansas,Bachelors_degree,Social_Sciences
Arkansas,Bachelors_degree,Visual_and_Performing_Arts
California,Less_than_high_school_graduate,
California,High_school_graduate_includes_equivalency,
California,Some_college_or_associates_degree,
California,Bachelors_degree,Combined_25_to_39_years
California,Bachelors_degree,Biological_Agricultural_and_Environmental_Sciences
California,Bachelors_degree,Business
California,Bachelors_degree,Communications
California,Bachelors_degree,Computers_Mathematics_and_Statistics
California,Bachelors_degree,Education
California,Bachelors_degree,Engineering
California,Bachelors_degree,Liberal_Arts_and_History
California,Bachelors_degree,Literature_and_Languages
California,Bachelors_degree,Multidisciplinary_Studies
California,Bachelors_degree,Other
California,Bachelors_degree,Physical_and_Related_Sciences
California,Bachelors_degree,Psychology
California,Bachelors_degree,Science_and_Engineering_Related_Fields
California,Bachelors_degree,Social_Sciences
California,Bachelors_degree,Visual_and_Performing_Arts
California,Less_than_high_school_graduate,
California,High_school_graduate_includes_equivalency,
California,Some_college_or_associates_degree,
California,Bachelors_degree,Combined_25_to_39_years
California,Bachelors_degree,Biological_Agricultural_and_Environmental_Sciences
California,Bachelors_degree,Business
California,Bachelors_degree,Communications
California,Bachelors_degree,Computers_Mathematics_and_Statistics
California,Bachelors_degree,Education
California,Bachelors_degree,Engineering
California,Bachelors_degree,Liberal_Arts_and_History
California,Bachelors_degree,Literature_and_Languages
California,Bachelors_degree,Multidisciplinary_Studies
California,Bachelors_degree,Other
California,Bachelors_degree,Physical_and_Related_Sciences
California,Bachelors_degree,Psychology
California,Bachelors_degree,Science_and_Engineering_Related_Fields
California,Bachelors_degree,Social_Sciences
California,Bachelors_degree,Visual_and_Performing_Arts
Colorado,Less_than_high_school_graduate,
Colorado,High_school_graduate_includes_equivalency,
Colorado,Some_college_or_associates_degree,
Colorado,Bachelors_degree,Combined_25_to_39_years
Colorado,Bachelors_degree,Biological_Agricultural_and_Environmental_Sciences
Colorado,Bachelors_degree,Business
Colorado,Bachelors_degree,Communications
Colorado,Bachelors_degree,Computers_Mathematics_and_Statistics
Colorado,Bachelors_degree,Education
Colorado,Bachelors_degree,Engineering
Colorado,Bachelors_degree,Liberal_Arts_and_History
Colorado,Bachelors_degree,Literature_and_Languages
Colorado,Bachelors_degree,Multidisciplinary_Studies
Colorado,Bachelors_degree,Other
Colorado,Bachelors_degree,Physical_and_Related_Sciences
Colorado,Bachelors_degree,Psychology
Colorado,Bachelors_degree,Science_and_Engineering_Related_Fields
Colorado,Bachelors_degree,Social_Sciences
Colorado,Bachelors_degree,Visual_and_Performing_Arts
Colorado,Less_than_high_school_graduate,
Colorado,High_school_graduate_includes_equivalency,
Colorado,Some_college_or_associates_degree,
Colorado,Bachelors_degree,Combined_25_to_39_years
Colorado,Bachelors_degree,Biological_Agricultural_and_Environmental_Sciences
Colorado,Bachelors_degree,Business
Colorado,Bachelors_degree,Communications
Colorado,Bachelors_degree,Computers_Mathematics_and_Statistics
Colorado,Bachelors_degree,Education
Colorado,Bachelors_degree,Engineering
Colorado,Bachelors_degree,Liberal_Arts_and_History
Colorado,Bachelors_degree,Literature_and_Languages
Colorado,Bachelors_degree,Multidisciplinary_Studies
Colorado,Bachelors_degree,Other
Colorado,Bachelors_degree,Physical_and_Related_Sciences
Colorado,Bachelors_degree,Psychology
Colorado,Bachelors_degree,Science_and_Engineering_Related_Fields
Colorado,Bachelors_degree,Social_Sciences
Colorado,Bachelors_degree,Visual_and_Performing_Arts
Connecticut,Less_than_high_school_graduate,
Connecticut,High_school_graduate_includes_equivalency,
Connecticut,Some_college_or_associates_degree,
Connecticut,Bachelors_degree,Combined_25_to_39_years
Connecticut,Bachelors_degree,Biological_Agricultural_and_Environmental_Sciences
Connecticut,Bachelors_degree,Business
Connecticut,Bachelors_degree,Communications
Connecticut,Bachelors_degree,Computers_Mathematics_and_Statistics
Connecticut,Bachelors_degree,Education
Connecticut,Bachelors_degree,Engineering
Connecticut,Bachelors_degree,Liberal_Arts_and_History
Connecticut,Bachelors_degree,Literature_and_Languages
Connecticut,Bachelors_degree,Multidisciplinary_Studies
Connecticut,Bachelors_degree,Other
Connecticut,Bachelors_degree,Physical_and_Related_Sciences
Connecticut,Bachelors_degree,Psychology
Connecticut,Bachelors_degree,Science_and_Engineering_Related_Fields
Connecticut,Bachelors_degree,Social_Sciences
Connecticut,Bachelors_degree,Visual_and_Performing_Arts
Connecticut,Less_than_high_school_graduate,
Connecticut,High_school_graduate_includes_equivalency,
Connecticut,Some_college_or_associates_degree,
Connecticut,Bachelors_degree,Combined_25_to_39_years
Connecticut,Bachelors_degree,Biological_Agricultural_and_Environmental_Sciences
Connecticut,Bachelors_degree,Business
Connecticut,Bachelors_degree,Communications
Connecticut,Bachelors_degree,Computers_Mathematics_and_Statistics
Connecticut,Bachelors_degree,Education
Connecticut,Bachelors_degree,Engineering
Connecticut,Bachelors_degree,Liberal_Arts_and_History
Connecticut,Bachelors_degree,Literature_and_Languages
Connecticut,Bachelors_degree,Multidisciplinary_Studies
Connecticut,Bachelors_degree,Other
Connecticut,Bachelors_degree,Physical_and_Related_Sciences
Connecticut,Bachelors_degree,Psychology
Connecticut,Bachelors_degree,Science_and_Engineering_Related_Fields
Connecticut,Bachelors_degree,Social_Sciences
Connecticut,Bachelors_degree,Visual_and_Performing_Arts
Delaware,Less_than_high_school_graduate,
Delaware,High_school_graduate_includes_equivalency,
Delaware,Some_college_or_associates_degree,
Delaware,Bachelors_degree,Combined_25_to_39_years
Delaware,Bachelors_degree,Biological_Agricultural_and_Environmental_Sciences
Delaware,Bachelors_degree,Business
Delaware,Bachelors_degree,Communications
Delaware,Bachelors_degree,Computers_Mathematics_and_Statistics
Delaware,Bachelors_degree,Education
Delaware,Bachelors_degree,Engineering
Delaware,Bachelors_degree,Liberal_Arts_and_History
Delaware,Bachelors_degree,Literature_and_Languages
Delaware,Bachelors_degree,Multidisciplinary_Studies
Delaware,Bachelors_degree,Other
Delaware,Bachelors_degree,Physical_and_Related_Sciences
Delaware,Bachelors_degree,Psychology
Delaware,Bachelors_degree,Science_and_Engineering_Related_Fields
Delaware,Bachelors_degree,Social_Sciences
Delaware,Bachelors_degree,Visual_and_Performing_Arts
Delaware,Less_than_high_school_graduate,
Delaware,High_school_graduate_includes_equivalency,
Delaware,Some_college_or_associates_degree,
Delaware,Bachelors_degree,Combined_25_to_39_years
Delaware,Bachelors_degree,Biological_Agricultural_and_Environmental_Sciences
Delaware,Bachelors_degree,Business
Delaware,Bachelors_degree,Communications
Delaware,Bachelors_degree,Computers_Mathematics_and_Statistics
Delaware,Bachelors_degree,Education
Delaware,Bachelors_degree,Engineering
Delaware,Bachelors_degree,Liberal_Arts_and_History
Delaware,Bachelors_degree,Literature_and_Languages
Delaware,Bachelors_degree,Multidisciplinary_Studies
Delaware,Bachelors_degree,Other
Delaware,Bachelors_degree,Physical_and_Related_Sciences
Delaware,Bachelors_degree,Psychology
Delaware,Bachelors_degree,Science_and_Engineering_Related_Fields
Delaware,Bachelors_degree,Social_Sciences
Delaware,Bachelors_degree,Visual_and_Performing_Arts
District_of_Columbia,Less_than_high_school_graduate,
District_of_Columbia,High_school_graduate_includes_equivalency,
District_of_Columbia,Some_college_or_associates_degree,
District_of_Columbia,Bachelors_degree,Combined_25_to_39_years
District_of_Columbia,Bachelors_degree,Biological_Agricultural_and_Environmental_Sciences
District_of_Columbia,Bachelors_degree,Business
District_of_Columbia,Bachelors_degree,Communications
District_of_Columbia,Bachelors_degree,Computers_Mathematics_and_Statistics
District_of_Columbia,Bachelors_degree,Education
District_of_Columbia,Bachelors_degree,Engineering
District_of_Columbia,Bachelors_degree,Liberal_Arts_and_History
District_of_Columbia,Bachelors_degree,Literature_and_Languages
District_of_Columbia,Bachelors_degree,Multidisciplinary_Studies
District_of_Columbia,Bachelors_degree,Other
District_of_Columbia,Bachelors_degree,Physical_and_Related_Sciences
District_of_Columbia,Bachelors_degree,Psychology
District_of_Columbia,Bachelors_degree,Science_and_Engineering_Related_Fields
District_of_Columbia,Bachelors_degree,Social_Sciences
District_of_Columbia,Bachelors_degree,Visual_and_Performing_Arts
District_of_Columbia,Less_than_high_school_graduate,
District_of_Columbia,High_school_graduate_includes_equivalency,
District_of_Columbia,Some_college_or_associates_degree,
District_of_Columbia,Bachelors_degree,Combined_25_to_39_years
District_of_Columbia,Bachelors_degree,Biological_Agricultural_and_Environmental_Sciences
District_of_Columbia,Bachelors_degree,Business
District_of_Columbia,Bachelors_degree,Communications
District_of_Columbia,Bachelors_degree,Computers_Mathematics_and_Statistics
District_of_Columbia,Bachelors_degree,Education
District_of_Columbia,Bachelors_degree,Engineering
District_of_Columbia,Bachelors_degree,Liberal_Arts_and_History
District_of_Columbia,Bachelors_degree,Literature_and_Languages
District_of_Columbia,Bachelors_degree,Multidisciplinary_Studies
District_of_Columbia,Bachelors_degree,Other
District_of_Columbia,Bachelors_degree,Physical_and_Related_Sciences
District_of_Columbia,Bachelors_degree,Psychology
District_of_Columbia,Bachelors_degree,Science_and_Engineering_Related_Fields
District_of_Columbia,Bachelors_degree,Social_Sciences
District_of_Columbia,Bachelors_degree,Visual_and_Performing_Arts
Florida,Less_than_high_school_graduate,
Florida,High_school_graduate_includes_equivalency,
Florida,Some_college_or_associates_degree,
Florida,Bachelors_degree,Combined_25_to_39_years
Florida,Bachelors_degree,Biological_Agricultural_and_Environmental_Sciences
Florida,Bachelors_degree,Business
Florida,Bachelors_degree,Communications
Florida,Bachelors_degree,Computers_Mathematics_and_Statistics
Florida,Bachelors_degree,Education
Florida,Bachelors_degree,Engineering
Florida,Bachelors_degree,Liberal_Arts_and_History
Florida,Bachelors_degree,Literature_and_Languages
Florida,Bachelors_degree,Multidisciplinary_Studies
Florida,Bachelors_degree,Other
Florida,Bachelors_degree,Physical_and_Related_Sciences
Florida,Bachelors_degree,Psychology
Florida,Bachelors_degree,Science_and_Engineering_Related_Fields
Florida,Bachelors_degree,Social_Sciences
Florida,Bachelors_degree,Visual_and_Performing_Arts
Florida,Less_than_high_school_graduate,
Florida,High_school_graduate_includes_equivalency,
Florida,Some_college_or_associates_degree,
Florida,Bachelors_degree,Combined_25_to_39_years
Florida,Bachelors_degree,Biological_Agricultural_and_Environmental_Sciences
Florida,Bachelors_degree,Business
Florida,Bachelors_degree,Communications
Florida,Bachelors_degree,Computers_Mathematics_and_Statistics
Florida,Bachelors_degree,Education
Florida,Bachelors_degree,Engineering
Florida,Bachelors_degree,Liberal_Arts_and_History
Florida,Bachelors_degree,Literature_and_Languages
Florida,Bachelors_degree,Multidisciplinary_Studies
Florida,Bachelors_degree,Other
Florida,Bachelors_degree,Physical_and_Related_Sciences
Florida,Bachelors_degree,Psychology
Florida,Bachelors_degree,Science_and_Engineering_Related_Fields
Florida,Bachelors_degree,Social_Sciences
Florida,Bachelors_degree,Visual_and_Performing_Arts
Georgia,Less_than_high_school_graduate,
Georgia,High_school_graduate_includes_equivalency,
Georgia,Some_college_or_associates_degree,
Georgia,Bachelors_degree,Combined_25_to_39_years
Georgia,Bachelors_degree,Biological_Agricultural_and_Environmental_Sciences
Georgia,Bachelors_degree,Business
Georgia,Bachelors_degree,Communications
Georgia,Bachelors_degree,Computers_Mathematics_and_Statistics
Georgia,Bachelors_degree,Education
Georgia,Bachelors_degree,Engineering
Georgia,Bachelors_degree,Liberal_Arts_and_History
Georgia,Bachelors_degree,Literature_and_Languages
Georgia,Bachelors_degree,Multidisciplinary_Studies
Georgia,Bachelors_degree,Other
Georgia,Bachelors_degree,Physical_and_Related_Sciences
Georgia,Bachelors_degree,Psychology
Georgia,Bachelors_degree,Science_and_Engineering_Related_Fields
Georgia,Bachelors_degree,Social_Sciences
Georgia,Bachelors_degree,Visual_and_Performing_Arts
Georgia,Less_than_high_school_graduate,
Georgia,High_school_graduate_includes_equivalency,
Georgia,Some_college_or_associates_degree,
Georgia,Bachelors_degree,Combined_25_to_39_years
Georgia,Bachelors_degree,Biological_Agricultural_and_Environmental_Sciences
Georgia,Bachelors_degree,Business
Georgia,Bachelors_degree,Communications
Georgia,Bachelors_degree,Computers_Mathematics_and_Statistics
Georgia,Bachelors_degree,Education
Georgia,Bachelors_degree,Engineering
Georgia,Bachelors_degree,Liberal_Arts_and_History
Georgia,Bachelors_degree,Literature_and_Languages
Georgia,Bachelors_degree,Multidisciplinary_Studies
Georgia,Bachelors_degree,Other
Georgia,Bachelors_degree,Physical_and_Related_Sciences
Georgia,Bachelors_degree,Psychology
Georgia,Bachelors_degree,Science_and_Engineering_Related_Fields
Georgia,Bachelors_degree,Social_Sciences
Georgia,Bachelors_degree,Visual_and_Performing_Arts
Hawaii,Less_than_high_school_graduate,
Hawaii,High_school_graduate_includes_equivalency,
Hawaii,Some_college_or_associates_degree,
Hawaii,Bachelors_degree,Combined_25_to_39_years
Hawaii,Bachelors_degree,Biological_Agricultural_and_Environmental_Sciences
Hawaii,Bachelors_degree,Business
Hawaii,Bachelors_degree,Communications
Hawaii,Bachelors_degree,Computers_Mathematics_and_Statistics
Hawaii,Bachelors_degree,Education
Hawaii,Bachelors_degree,Engineering
Hawaii,Bachelors_degree,Liberal_Arts_and_History
Hawaii,Bachelors_degree,Literature_and_Languages
Hawaii,Bachelors_degree,Multidisciplinary_Studies
Hawaii,Bachelors_degree,Other
Hawaii,Bachelors_degree,Physical_and_Related_Sciences
Hawaii,Bachelors_degree,Psychology
Hawaii,Bachelors_degree,Science_and_Engineering_Related_Fields
Hawaii,Bachelors_degree,Social_Sciences
Hawaii,Bachelors_degree,Visual_and_Performing_Arts
Hawaii,Less_than_high_school_graduate,
Hawaii,High_school_graduate_includes_equivalency,
Hawaii,Some_college_or_associates_degree,
Hawaii,Bachelors_degree,Combined_25_to_39_years
Hawaii,Bachelors_degree,Biological_Agricultural_and_Environmental_Sciences
Hawaii,Bachelors_degree,Business
Hawaii,Bachelors_degree,Communications
Hawaii,Bachelors_degree,Computers_Mathematics_and_Statistics
Hawaii,Bachelors_degree,Education
Hawaii,Bachelors_degree,Engineering
Hawaii,Bachelors_degree,Liberal_Arts_and_History
Hawaii,Bachelors_degree,Literature_and_Languages
Hawaii,Bachelors_degree,Multidisciplinary_Studies
Hawaii,Bachelors_degree,Other
Hawaii,Bachelors_degree,Physical_and_Related_Sciences
Hawaii,Bachelors_degree,Psychology
Hawaii,Bachelors_degree,Science_and_Engineering_Related_Fields
Hawaii,Bachelors_degree,Social_Sciences
Hawaii,Bachelors_degree,Visual_and_Performing_Arts
Idaho,Less_than_high_school_graduate,
Idaho,High_school_graduate_includes_equivalency,
Idaho,Some_college_or_associates_degree,
Idaho,Bachelors_degree,Combined_25_to_39_years
Idaho,Bachelors_degree,Biological_Agricultural_and_Environmental_Sciences
Idaho,Bachelors_degree,Business
Idaho,Bachelors_degree,Communications
Idaho,Bachelors_degree,Computers_Mathematics_and_Statistics
Idaho,Bachelors_degree,Education
Idaho,Bachelors_degree,Engineering
Idaho,Bachelors_degree,Liberal_Arts_and_History
Idaho,Bachelors_degree,Literature_and_Languages
Idaho,Bachelors_degree,Multidisciplinary_Studies
Idaho,Bachelors_degree,Other
Idaho,Bachelors_degree,Physical_and_Related_Sciences
Idaho,Bachelors_degree,Psychology
Idaho,Bachelors_degree,Science_and_Engineering_Related_Fields
Idaho,Bachelors_degree,Social_Sciences
Idaho,Bachelors_degree,Visual_and_Performing_Arts
Idaho,Less_than_high_school_graduate,
Idaho,High_school_graduate_includes_equivalency,
Idaho,Some_college_or_associates_degree,
Idaho,Bachelors_degree,Combined_25_to_39_years
Idaho,Bachelors_degree,Biological_Agricultural_and_Environmental_Sciences
Idaho,Bachelors_degree,Business
Idaho,Bachelors_degree,Communications
Idaho,Bachelors_degree,Computers_Mathematics_and_Statistics
Idaho,Bachelors_degree,Education
Idaho,Bachelors_degree,Engineering
Idaho,Bachelors_degree,Liberal_Arts_and_History
Idaho,Bachelors_degree,Literature_and_Languages
Idaho,Bachelors_degree,Multidisciplinary_Studies
Idaho,Bachelors_degree,Other
Idaho,Bachelors_degree,Physical_and_Related_Sciences
Idaho,Bachelors_degree,Psychology
Idaho,Bachelors_degree,Science_and_Engineering_Related_Fields
Idaho,Bachelors_degree,Social_Sciences
Idaho,Bachelors_degree,Visual_and_Performing_Arts
Illinois,Less_than_high_school_graduate,
Illinois,High_school_graduate_includes_equivalency,
Illinois,Some_college_or_associates_degree,
Illinois,Bachelors_degree,Combined_25_to_39_years
Illinois,Bachelors_degree,Biological_Agricultural_and_Environmental_Sciences
Illinois,Bachelors_degree,Business
Illinois,Bachelors_degree,Communications
Illinois,Bachelors_degree,Computers_Mathematics_and_Statistics
Illinois,Bachelors_degree,Education
Illinois,Bachelors_degree,Engineering
Illinois,Bachelors_degree,Liberal_Arts_and_History
Illinois,Bachelors_degree,Literature_and_Languages
Illinois,Bachelors_degree,Multidisciplinary_Studies
Illinois,Bachelors_degree,Other
Illinois,Bachelors_degree,Physical_and_Related_Sciences
Illinois,Bachelors_degree,Psychology
Illinois,Bachelors_degree,Science_and_Engineering_Related_Fields
Illinois,Bachelors_degree,Social_Sciences
Illinois,Bachelors_degree,Visual_and_Performing_Arts
Illinois,Less_than_high_school_graduate,
Illinois,High_school_graduate_includes_equivalency,
Illinois,Some_college_or_associates_degree,
Illinois,Bachelors_degree,Combined_25_to_39_years
Illinois,Bachelors_degree,Biological_Agricultural_and_Environmental_Sciences
Illinois,Bachelors_degree,Business
Illinois,Bachelors_degree,Communications
Illinois,Bachelors_degree,Computers_Mathematics_and_Statistics
Illinois,Bachelors_degree,Education
Illinois,Bachelors_degree,Engineering
Illinois,Bachelors_degree,Liberal_Arts_and_History
Illinois,Bachelors_degree,Literature_and_Languages
Illinois,Bachelors_degree,Multidisciplinary_Studies
Illinois,Bachelors_degree,Other
Illinois,Bachelors_degree,Physical_and_Related_Sciences
Illinois,Bachelors_degree,Psychology
Illinois,Bachelors_degree,Science_and_Engineering_Related_Fields
Illinois,Bachelors_degree,Social_Sciences
Illinois,Bachelors_degree,Visual_and_Performing_Arts
Indiana,Less_than_high_school_graduate,
Indiana,High_school_graduate_includes_equivalency,
Indiana,Some_college_or_associates_degree,
Indiana,Bachelors_degree,Combined_25_to_39_years
Indiana,Bachelors_degree,Biological_Agricultural_and_Environmental_Sciences
Indiana,Bachelors_degree,Business
Indiana,Bachelors_degree,Communications
Indiana,Bachelors_degree,Computers_Mathematics_and_Statistics
Indiana,Bachelors_degree,Education
Indiana,Bachelors_degree,Engineering
Indiana,Bachelors_degree,Liberal_Arts_and_History
Indiana,Bachelors_degree,Literature_and_Languages
Indiana,Bachelors_degree,Multidisciplinary_Studies
Indiana,Bachelors_degree,Other
Indiana,Bachelors_degree,Physical_and_Related_Sciences
Indiana,Bachelors_degree,Psychology
Indiana,Bachelors_degree,Science_and_Engineering_Related_Fields
Indiana,Bachelors_degree,Social_Sciences
Indiana,Bachelors_degree,Visual_and_Performing_Arts
Indiana,Less_than_high_school_graduate,
Indiana,High_school_graduate_includes_equivalency,
Indiana,Some_college_or_associates_degree,
Indiana,Bachelors_degree,Combined_25_to_39_years
Indiana,Bachelors_degree,Biological_Agricultural_and_Environmental_Sciences
Indiana,Bachelors_degree,Business
Indiana,Bachelors_degree,Communications
Indiana,Bachelors_degree,Computers_Mathematics_and_Statistics
Indiana,Bachelors_degree,Education
Indiana,Bachelors_degree,Engineering
Indiana,Bachelors_degree,Liberal_Arts_and_History
Indiana,Bachelors_degree,Literature_and_Languages
Indiana,Bachelors_degree,Multidisciplinary_Studies
Indiana,Bachelors_degree,Other
Indiana,Bachelors_degree,Physical_and_Related_Sciences
Indiana,Bachelors_degree,Psychology
Indiana,Bachelors_degree,Science_and_Engineering_Related_Fields
Indiana,Bachelors_degree,Social_Sciences
Indiana,Bachelors_degree,Visual_and_Performing_Arts
Iowa,Less_than_high_school_graduate,
Iowa,High_school_graduate_includes_equivalency,
Iowa,Some_college_or_associates_degree,
Iowa,Bachelors_degree,Combined_25_to_39_years
Iowa,Bachelors_degree,Biological_Agricultural_and_Environmental_Sciences
Iowa,Bachelors_degree,Business
Iowa,Bachelors_degree,Communications
Iowa,Bachelors_degree,Computers_Mathematics_and_Statistics
Iowa,Bachelors_degree,Education
Iowa,Bachelors_degree,Engineering
Iowa,Bachelors_degree,Liberal_Arts_and_History
Iowa,Bachelors_degree,Literature_and_Languages
Iowa,Bachelors_degree,Multidisciplinary_Studies
Iowa,Bachelors_degree,Other
Iowa,Bachelors_degree,Physical_and_Related_Sciences
Iowa,Bachelors_degree,Psychology
Iowa,Bachelors_degree,Science_and_Engineering_Related_Fields
Iowa,Bachelors_degree,Social_Sciences
Iowa,Bachelors_degree,Visual_and_Performing_Arts
Iowa,Less_than_high_school_graduate,
Iowa,High_school_graduate_includes_equivalency,
Iowa,Some_college_or_associates_degree,
Iowa,Bachelors_degree,Combined_25_to_39_years
Iowa,Bachelors_degree,Biological_Agricultural_and_Environmental_Sciences
Iowa,Bachelors_degree,Business
Iowa,Bachelors_degree,Communications
Iowa,Bachelors_degree,Computers_Mathematics_and_Statistics
Iowa,Bachelors_degree,Education
Iowa,Bachelors_degree,Engineering
Iowa,Bachelors_degree,Liberal_Arts_and_History
Iowa,Bachelors_degree,Literature_and_Languages
Iowa,Bachelors_degree,Multidisciplinary_Studies
Iowa,Bachelors_degree,Other
Iowa,Bachelors_degree,Physical_and_Related_Sciences
Iowa,Bachelors_degree,Psychology
Iowa,Bachelors_degree,Science_and_Engineering_Related_Fields
Iowa,Bachelors_degree,Social_Sciences
Iowa,Bachelors_degree,Visual_and_Performing_Arts
Kansas,Less_than_high_school_graduate,
Kansas,High_school_graduate_includes_equivalency,
Kansas,Some_college_or_associates_degree,
Kansas,Bachelors_degree,Combined_25_to_39_years
Kansas,Bachelors_degree,Biological_Agricultural_and_Environmental_Sciences
Kansas,Bachelors_degree,Business
Kansas,Bachelors_degree,Communications
Kansas,Bachelors_degree,Computers_Mathematics_and_Statistics
Kansas,Bachelors_degree,Education
Kansas,Bachelors_degree,Engineering
Kansas,Bachelors_degree,Liberal_Arts_and_History
Kansas,Bachelors_degree,Literature_and_Languages
Kansas,Bachelors_degree,Multidisciplinary_Studies
Kansas,Bachelors_degree,Other
Kansas,Bachelors_degree,Physical_and_Related_Sciences
Kansas,Bachelors_degree,Psychology
Kansas,Bachelors_degree,Science_and_Engineering_Related_Fields
Kansas,Bachelors_degree,Social_Sciences
Kansas,Bachelors_degree,Visual_and_Performing_Arts
Kansas,Less_than_high_school_graduate,
Kansas,High_school_graduate_includes_equivalency,
Kansas,Some_college_or_associates_degree,
Kansas,Bachelors_degree,Combined_25_to_39_years
Kansas,Bachelors_degree,Biological_Agricultural_and_Environmental_Sciences
Kansas,Bachelors_degree,Business
Kansas,Bachelors_degree,Communications
Kansas,Bachelors_degree,Computers_Mathematics_and_Statistics
Kansas,Bachelors_degree,Education
Kansas,Bachelors_degree,Engineering
Kansas,Bachelors_degree,Liberal_Arts_and_History
Kansas,Bachelors_degree,Literature_and_Languages
Kansas,Bachelors_degree,Multidisciplinary_Studies
Kansas,Bachelors_degree,Other
Kansas,Bachelors_degree,Physical_and_Related_Sciences
Kansas,Bachelors_degree,Psychology
Kansas,Bachelors_degree,Science_and_Engineering_Related_Fields
Kansas,Bachelors_degree,Social_Sciences
Kansas,Bachelors_degree,Visual_and_Performing_Arts
Kentucky,Less_than_high_school_graduate,
Kentucky,High_school_graduate_includes_equivalency,
Kentucky,Some_college_or_associates_degree,
Kentucky,Bachelors_degree,Combined_25_to_39_years
Kentucky,Bachelors_degree,Biological_Agricultural_and_Environmental_Sciences
Kentucky,Bachelors_degree,Business
Kentucky,Bachelors_degree,Communications
Kentucky,Bachelors_degree,Computers_Mathematics_and_Statistics
Kentucky,Bachelors_degree,Education
Kentucky,Bachelors_degree,Engineering
Kentucky,Bachelors_degree,Liberal_Arts_and_History
Kentucky,Bachelors_degree,Literature_and_Languages
Kentucky,Bachelors_degree,Multidisciplinary_Studies
Kentucky,Bachelors_degree,Other
Kentucky,Bachelors_degree,Physical_and_Related_Sciences
Kentucky,Bachelors_degree,Psychology
Kentucky,Bachelors_degree,Science_and_Engineering_Related_Fields
Kentucky,Bachelors_degree,Social_Sciences
Kentucky,Bachelors_degree,Visual_and_Performing_Arts
Kentucky,Less_than_high_school_graduate,
Kentucky,High_school_graduate_includes_equivalency,
Kentucky,Some_college_or_associates_degree,
Kentucky,Bachelors_degree,Combined_25_to_39_years
Kentucky,Bachelors_degree,Biological_Agricultural_and_Environmental_Sciences
Kentucky,Bachelors_degree,Business
Kentucky,Bachelors_degree,Communications
Kentucky,Bachelors_degree,Computers_Mathematics_and_Statistics
Kentucky,Bachelors_degree,Education
Kentucky,Bachelors_degree,Engineering
Kentucky,Bachelors_degree,Liberal_Arts_and_History
Kentucky,Bachelors_degree,Literature_and_Languages
Kentucky,Bachelors_degree,Multidisciplinary_Studies
Kentucky,Bachelors_degree,Other
Kentucky,Bachelors_degree,Physical_and_Related_Sciences
Kentucky,Bachelors_degree,Psychology
Kentucky,Bachelors_degree,Science_and_Engineering_Related_Fields
Kentucky,Bachelors_degree,Social_Sciences
Kentucky,Bachelors_degree,Visual_and_Performing_Arts
Louisiana,Less_than_high_school_graduate,
Louisiana,High_school_graduate_includes_equivalency,
Louisiana,Some_college_or_associates_degree,
Louisiana,Bachelors_degree,Combined_25_to_39_years
Louisiana,Bachelors_degree,Biological_Agricultural_and_Environmental_Sciences
Louisiana,Bachelors_degree,Business
Louisiana,Bachelors_degree,Communications
Louisiana,Bachelors_degree,Computers_Mathematics_and_Statistics
Louisiana,Bachelors_degree,Education
Louisiana,Bachelors_degree,Engineering
Louisiana,Bachelors_degree,Liberal_Arts_and_History
Louisiana,Bachelors_degree,Literature_and_Languages
Louisiana,Bachelors_degree,Multidisciplinary_Studies
Louisiana,Bachelors_degree,Other
Louisiana,Bachelors_degree,Physical_and_Related_Sciences
Louisiana,Bachelors_degree,Psychology
Louisiana,Bachelors_degree,Science_and_Engineering_Related_Fields
Louisiana,Bachelors_degree,Social_Sciences
Louisiana,Bachelors_degree,Visual_and_Performing_Arts
Louisiana,Less_than_high_school_graduate,
Louisiana,High_school_graduate_includes_equivalency,
Louisiana,Some_college_or_associates_degree,
Louisiana,Bachelors_degree,Combined_25_to_39_years
Louisiana,Bachelors_degree,Biological_Agricultural_and_Environmental_Sciences
Louisiana,Bachelors_degree,Business
Louisiana,Bachelors_degree,Communications
Louisiana,Bachelors_degree,Computers_Mathematics_and_Statistics
Louisiana,Bachelors_degree,Education
Louisiana,Bachelors_degree,Engineering
Louisiana,Bachelors_degree,Liberal_Arts_and_History
Louisiana,Bachelors_degree,Literature_and_Languages
Louisiana,Bachelors_degree,Multidisciplinary_Studies
Louisiana,Bachelors_degree,Other
Louisiana,Bachelors_degree,Physical_and_Related_Sciences
Louisiana,Bachelors_degree,Psychology
Louisiana,Bachelors_degree,Science_and_Engineering_Related_Fields
Louisiana,Bachelors_degree,Social_Sciences
Louisiana,Bachelors_degree,Visual_and_Performing_Arts
Maine,Less_than_high_school_graduate,
Maine,High_school_graduate_includes_equivalency,
Maine,Some_college_or_associates_degree,
Maine,Bachelors_degree,Combined_25_to_39_years
Maine,Bachelors_degree,Biological_Agricultural_and_Environmental_Sciences
Maine,Bachelors_degree,Business
Maine,Bachelors_degree,Communications
Maine,Bachelors_degree,Computers_Mathematics_and_Statistics
Maine,Bachelors_degree,Education
Maine,Bachelors_degree,Engineering
Maine,Bachelors_degree,Liberal_Arts_and_History
Maine,Bachelors_degree,Literature_and_Languages
Maine,Bachelors_degree,Multidisciplinary_Studies
Maine,Bachelors_degree,Other
Maine,Bachelors_degree,Physical_and_Related_Sciences
Maine,Bachelors_degree,Psychology
Maine,Bachelors_degree,Science_and_Engineering_Related_Fields
Maine,Bachelors_degree,Social_Sciences
Maine,Bachelors_degree,Visual_and_Performing_Arts
Maine,Less_than_high_school_graduate,
Maine,High_school_graduate_includes_equivalency,
Maine,Some_college_or_associates_degree,
Maine,Bachelors_degree,Combined_25_to_39_years
Maine,Bachelors_degree,Biological_Agricultural_and_Environmental_Sciences
Maine,Bachelors_degree,Business
Maine,Bachelors_degree,Communications
Maine,Bachelors_degree,Computers_Mathematics_and_Statistics
Maine,Bachelors_degree,Education
Maine,Bachelors_degree,Engineering
Maine,Bachelors_degree,Liberal_Arts_and_History
Maine,Bachelors_degree,Literature_and_Languages
Maine,Bachelors_degree,Multidisciplinary_Studies
Maine,Bachelors_degree,Other
Maine,Bachelors_degree,Physical_and_Related_Sciences
Maine,Bachelors_degree,Psychology
Maine,Bachelors_degree,Science_and_Engineering_Related_Fields
Maine,Bachelors_degree,Social_Sciences
Maine,Bachelors_degree,Visual_and_Performing_Arts
Maryland,Less_than_high_school_graduate,
Maryland,High_school_graduate_includes_equivalency,
Maryland,Some_college_or_associates_degree,
Maryland,Bachelors_degree,Combined_25_to_39_years
Maryland,Bachelors_degree,Biological_Agricultural_and_Environmental_Sciences
Maryland,Bachelors_degree,Business
Maryland,Bachelors_degree,Communications
Maryland,Bachelors_degree,Computers_Mathematics_and_Statistics
Maryland,Bachelors_degree,Education
Maryland,Bachelors_degree,Engineering
Maryland,Bachelors_degree,Liberal_Arts_and_History
Maryland,Bachelors_degree,Literature_and_Languages
Maryland,Bachelors_degree,Multidisciplinary_Studies
Maryland,Bachelors_degree,Other
Maryland,Bachelors_degree,Physical_and_Related_Sciences
Maryland,Bachelors_degree,Psychology
Maryland,Bachelors_degree,Science_and_Engineering_Related_Fields
Maryland,Bachelors_degree,Social_Sciences
Maryland,Bachelors_degree,Visual_and_Performing_Arts
Maryland,Less_than_high_school_graduate,
Maryland,High_school_graduate_includes_equivalency,
Maryland,Some_college_or_associates_degree,
Maryland,Bachelors_degree,Combined_25_to_39_years
Maryland,Bachelors_degree,Biological_Agricultural_and_Environmental_Sciences
Maryland,Bachelors_degree,Business
Maryland,Bachelors_degree,Communications
Maryland,Bachelors_degree,Computers_Mathematics_and_Statistics
Maryland,Bachelors_degree,Education
Maryland,Bachelors_degree,Engineering
Maryland,Bachelors_degree,Liberal_Arts_and_History
Maryland,Bachelors_degree,Literature_and_Languages
Maryland,Bachelors_degree,Multidisciplinary_Studies
Maryland,Bachelors_degree,Other
Maryland,Bachelors_degree,Physical_and_Related_Sciences
Maryland,Bachelors_degree,Psychology
Maryland,Bachelors_degree,Science_and_Engineering_Related_Fields
Maryland,Bachelors_degree,Social_Sciences
Maryland,Bachelors_degree,Visual_and_Performing_Arts
Massachusetts,Less_than_high_school_graduate,
Massachusetts,High_school_graduate_includes_equivalency,
Massachusetts,Some_college_or_associates_degree,
Massachusetts,Bachelors_degree,Combined_25_to_39_years
Massachusetts,Bachelors_degree,Biological_Agricultural_and_Environmental_Sciences
Massachusetts,Bachelors_degree,Business
Massachusetts,Bachelors_degree,Communications
Massachusetts,Bachelors_degree,Computers_Mathematics_and_Statistics
Massachusetts,Bachelors_degree,Education
Massachusetts,Bachelors_degree,Engineering
Massachusetts,Bachelors_degree,Liberal_Arts_and_History
Massachusetts,Bachelors_degree,Literature_and_Languages
Massachusetts,Bachelors_degree,Multidisciplinary_Studies
Massachusetts,Bachelors_degree,Other
Massachusetts,Bachelors_degree,Physical_and_Related_Sciences
Massachusetts,Bachelors_degree,Psychology
Massachusetts,Bachelors_degree,Science_and_Engineering_Related_Fields
Massachusetts,Bachelors_degree,Social_Sciences
Massachusetts,Bachelors_degree,Visual_and_Performing_Arts
Massachusetts,Less_than_high_school_graduate,
Massachusetts,High_school_graduate_includes_equivalency,
Massachusetts,Some_college_or_associates_degree,
Massachusetts,Bachelors_degree,Combined_25_to_39_years
Massachusetts,Bachelors_degree,Biological_Agricultural_and_Environmental_Sciences
Massachusetts,Bachelors_degree,Business
Massachusetts,Bachelors_degree,Communications
Massachusetts,Bachelors_degree,Computers_Mathematics_and_Statistics
Massachusetts,Bachelors_degree,Education
Massachusetts,Bachelors_degree,Engineering
Massachusetts,Bachelors_degree,Liberal_Arts_and_History
Massachusetts,Bachelors_degree,Literature_and_Languages
Massachusetts,Bachelors_degree,Multidisciplinary_Studies
Massachusetts,Bachelors_degree,Other
Massachusetts,Bachelors_degree,Physical_and_Related_Sciences
Massachusetts,Bachelors_degree,Psychology
Massachusetts,Bachelors_degree,Science_and_Engineering_Related_Fields
Massachusetts,Bachelors_degree,Social_Sciences
Massachusetts,Bachelors_degree,Visual_and_Performing_Arts
Michigan,Less_than_high_school_graduate,
Michigan,High_school_graduate_includes_equivalency,
Michigan,Some_college_or_associates_degree,
Michigan,Bachelors_degree,Combined_25_to_39_years
Michigan,Bachelors_degree,Biological_Agricultural_and_Environmental_Sciences
Michigan,Bachelors_degree,Business
Michigan,Bachelors_degree,Communications
Michigan,Bachelors_degree,Computers_Mathematics_and_Statistics
Michigan,Bachelors_degree,Education
Michigan,Bachelors_degree,Engineering
Michigan,Bachelors_degree,Liberal_Arts_and_History
Michigan,Bachelors_degree,Literature_and_Languages
Michigan,Bachelors_degree,Multidisciplinary_Studies
Michigan,Bachelors_degree,Other
Michigan,Bachelors_degree,Physical_and_Related_Sciences
Michigan,Bachelors_degree,Psychology
Michigan,Bachelors_degree,Science_and_Engineering_Related_Fields
Michigan,Bachelors_degree,Social_Sciences
Michigan,Bachelors_degree,Visual_and_Performing_Arts
Michigan,Less_than_high_school_graduate,
Michigan,High_school_graduate_includes_equivalency,
Michigan,Some_college_or_associates_degree,
Michigan,Bachelors_degree,Combined_25_to_39_years
Michigan,Bachelors_degree,Biological_Agricultural_and_Environmental_Sciences
Michigan,Bachelors_degree,Business
Michigan,Bachelors_degree,Communications
Michigan,Bachelors_degree,Computers_Mathematics_and_Statistics
Michigan,Bachelors_degree,Education
Michigan,Bachelors_degree,Engineering
Michigan,Bachelors_degree,Liberal_Arts_and_History
Michigan,Bachelors_degree,Literature_and_Languages
Michigan,Bachelors_degree,Multidisciplinary_Studies
Michigan,Bachelors_degree,Other
Michigan,Bachelors_degree,Physical_and_Related_Sciences
Michigan,Bachelors_degree,Psychology
Michigan,Bachelors_degree,Science_and_Engineering_Related_Fields
Michigan,Bachelors_degree,Social_Sciences
Michigan,Bachelors_degree,Visual_and_Performing_Arts
Minnesota,Less_than_high_school_graduate,
Minnesota,High_school_graduate_includes_equivalency,
Minnesota,Some_college_or_associates_degree,
Minnesota,Bachelors_degree,Combined_25_to_39_years
Minnesota,Bachelors_degree,Biological_Agricultural_and_Environmental_Sciences
Minnesota,Bachelors_degree,Business
Minnesota,Bachelors_degree,Communications
Minnesota,Bachelors_degree,Computers_Mathematics_and_Statistics
Minnesota,Bachelors_degree,Education
Minnesota,Bachelors_degree,Engineering
Minnesota,Bachelors_degree,Liberal_Arts_and_History
Minnesota,Bachelors_degree,Literature_and_Languages
Minnesota,Bachelors_degree,Multidisciplinary_Studies
Minnesota,Bachelors_degree,Other
Minnesota,Bachelors_degree,Physical_and_Related_Sciences
Minnesota,Bachelors_degree,Psychology
Minnesota,Bachelors_degree,Science_and_Engineering_Related_Fields
Minnesota,Bachelors_degree,Social_Sciences
Minnesota,Bachelors_degree,Visual_and_Performing_Arts
Minnesota,Less_than_high_school_graduate,
Minnesota,High_school_graduate_includes_equivalency,
Minnesota,Some_college_or_associates_degree,
Minnesota,Bachelors_degree,Combined_25_to_39_years
Minnesota,Bachelors_degree,Biological_Agricultural_and_Environmental_Sciences
Minnesota,Bachelors_degree,Business
Minnesota,Bachelors_degree,Communications
Minnesota,Bachelors_degree,Computers_Mathematics_and_Statistics
Minnesota,Bachelors_degree,Education
Minnesota,Bachelors_degree,Engineering
Minnesota,Bachelors_degree,Liberal_Arts_and_History
Minnesota,Bachelors_degree,Literature_and_Languages
Minnesota,Bachelors_degree,Multidisciplinary_Studies
Minnesota,Bachelors_degree,Other
Minnesota,Bachelors_degree,Physical_and_Related_Sciences
Minnesota,Bachelors_degree,Psychology
Minnesota,Bachelors_degree,Science_and_Engineering_Related_Fields
Minnesota,Bachelors_degree,Social_Sciences
Minnesota,Bachelors_degree,Visual_and_Performing_Arts
Mississippi,Less_than_high_school_graduate,
Mississippi,High_school_graduate_includes_equivalency,
Mississippi,Some_college_or_associates_degree,
Mississippi,Bachelors_degree,Combined_25_to_39_years
Mississippi,Bachelors_degree,Biological_Agricultural_and_Environmental_Sciences
Mississippi,Bachelors_degree,Business
Mississippi,Bachelors_degree,Communications
Mississippi,Bachelors_degree,Computers_Mathematics_and_Statistics
Mississippi,Bachelors_degree,Education
Mississippi,Bachelors_degree,Engineering
Mississippi,Bachelors_degree,Liberal_Arts_and_History
Mississippi,Bachelors_degree,Literature_and_Languages
Mississippi,Bachelors_degree,Multidisciplinary_Studies
Mississippi,Bachelors_degree,Other
Mississippi,Bachelors_degree,Physical_and_Related_Sciences
Mississippi,Bachelors_degree,Psychology
Mississippi,Bachelors_degree,Science_and_Engineering_Related_Fields
Mississippi,Bachelors_degree,Social_Sciences
Mississippi,Bachelors_degree,Visual_and_Performing_Arts
Mississippi,Less_than_high_school_graduate,
Mississippi,High_school_graduate_includes_equivalency,
Mississippi,Some_college_or_associates_degree,
Mississippi,Bachelors_degree,Combined_25_to_39_years
Mississippi,Bachelors_degree,Biological_Agricultural_and_Environmental_Sciences
Mississippi,Bachelors_degree,Business
Mississippi,Bachelors_degree,Communications
Mississippi,Bachelors_degree,Computers_Mathematics_and_Statistics
Mississippi,Bachelors_degree,Education
Mississippi,Bachelors_degree,Engineering
Mississippi,Bachelors_degree,Liberal_Arts_and_History
Mississippi,Bachelors_degree,Literature_and_Languages
Mississippi,Bachelors_degree,Multidisciplinary_Studies
Mississippi,Bachelors_degree,Other
Mississippi,Bachelors_degree,Physical_and_Related_Sciences
Mississippi,Bachelors_degree,Psychology
Mississippi,Bachelors_degree,Science_and_Engineering_Related_Fields
Mississippi,Bachelors_degree,Social_Sciences
Mississippi,Bachelors_degree,Visual_and_Performing_Arts
Missouri,Less_than_high_school_graduate,
Missouri,High_school_graduate_includes_equivalency,
Missouri,Some_college_or_associates_degree,
Missouri,Bachelors_degree,Combined_25_to_39_years
Missouri,Bachelors_degree,Biological_Agricultural_and_Environmental_Sciences
Missouri,Bachelors_degree,Business
Missouri,Bachelors_degree,Communications
Missouri,Bachelors_degree,Computers_Mathematics_and_Statistics
Missouri,Bachelors_degree,Education
Missouri,Bachelors_degree,Engineering
Missouri,Bachelors_degree,Liberal_Arts_and_History
Missouri,Bachelors_degree,Literature_and_Languages
Missouri,Bachelors_degree,Multidisciplinary_Studies
Missouri,Bachelors_degree,Other
Missouri,Bachelors_degree,Physical_and_Related_Sciences
Missouri,Bachelors_degree,Psychology
Missouri,Bachelors_degree,Science_and_Engineering_Related_Fields
Missouri,Bachelors_degree,Social_Sciences
Missouri,Bachelors_degree,Visual_and_Performing_Arts
Missouri,Less_than_high_school_graduate,
Missouri,High_school_graduate_includes_equivalency,
Missouri,Some_college_or_associates_degree,
Missouri,Bachelors_degree,Combined_25_to_39_years
Missouri,Bachelors_degree,Biological_Agricultural_and_Environmental_Sciences
Missouri,Bachelors_degree,Business
Missouri,Bachelors_degree,Communications
Missouri,Bachelors_degree,Computers_Mathematics_and_Statistics
Missouri,Bachelors_degree,Education
Missouri,Bachelors_degree,Engineering
Missouri,Bachelors_degree,Liberal_Arts_and_History
Missouri,Bachelors_degree,Literature_and_Languages
Missouri,Bachelors_degree,Multidisciplinary_Studies
Missouri,Bachelors_degree,Other
Missouri,Bachelors_degree,Physical_and_Related_Sciences
Missouri,Bachelors_degree,Psychology
Missouri,Bachelors_degree,Science_and_Engineering_Related_Fields
Missouri,Bachelors_degree,Social_Sciences
Missouri,Bachelors_degree,Visual_and_Performing_Arts
Montana,Less_than_high_school_graduate,
Montana,High_school_graduate_includes_equivalency,
Montana,Some_college_or_associates_degree,
Montana,Bachelors_degree,Combined_25_to_39_years
Montana,Bachelors_degree,Biological_Agricultural_and_Environmental_Sciences
Montana,Bachelors_degree,Business
Montana,Bachelors_degree,Communications
Montana,Bachelors_degree,Computers_Mathematics_and_Statistics
Montana,Bachelors_degree,Education
Montana,Bachelors_degree,Engineering
Montana,Bachelors_degree,Liberal_Arts_and_History
Montana,Bachelors_degree,Literature_and_Languages
Montana,Bachelors_degree,Multidisciplinary_Studies
Montana,Bachelors_degree,Other
Montana,Bachelors_degree,Physical_and_Related_Sciences
Montana,Bachelors_degree,Psychology
Montana,Bachelors_degree,Science_and_Engineering_Related_Fields
Montana,Bachelors_degree,Social_Sciences
Montana,Bachelors_degree,Visual_and_Performing_Arts
Montana,Less_than_high_school_graduate,
Montana,High_school_graduate_includes_equivalency,
Montana,Some_college_or_associates_degree,
Montana,Bachelors_degree,Combined_25_to_39_years
Montana,Bachelors_degree,Biological_Agricultural_and_Environmental_Sciences
Montana,Bachelors_degree,Business
Montana,Bachelors_degree,Communications
Montana,Bachelors_degree,Computers_Mathematics_and_Statistics
Montana,Bachelors_degree,Education
Montana,Bachelors_degree,Engineering
Montana,Bachelors_degree,Liberal_Arts_and_History
Montana,Bachelors_degree,Literature_and_Languages
Montana,Bachelors_degree,Multidisciplinary_Studies
Montana,Bachelors_degree,Other
Montana,Bachelors_degree,Physical_and_Related_Sciences
Montana,Bachelors_degree,Psychology
Montana,Bachelors_degree,Science_and_Engineering_Related_Fields
Montana,Bachelors_degree,Social_Sciences
Montana,Bachelors_degree,Visual_and_Performing_Arts
Nebraska,Less_than_high_school_graduate,
Nebraska,High_school_graduate_includes_equivalency,
Nebraska,Some_college_or_associates_degree,
Nebraska,Bachelors_degree,Combined_25_to_39_years
Nebraska,Bachelors_degree,Biological_Agricultural_and_Environmental_Sciences
Nebraska,Bachelors_degree,Business
Nebraska,Bachelors_degree,Communications
Nebraska,Bachelors_degree,Computers_Mathematics_and_Statistics
Nebraska,Bachelors_degree,Education
Nebraska,Bachelors_degree,Engineering
Nebraska,Bachelors_degree,Liberal_Arts_and_History
Nebraska,Bachelors_degree,Literature_and_Languages
Nebraska,Bachelors_degree,Multidisciplinary_Studies
Nebraska,Bachelors_degree,Other
Nebraska,Bachelors_degree,Physical_and_Related_Sciences
Nebraska,Bachelors_degree,Psychology
Nebraska,Bachelors_degree,Science_and_Engineering_Related_Fields
Nebraska,Bachelors_degree,Social_Sciences
Nebraska,Bachelors_degree,Visual_and_Performing_Arts
Nebraska,Less_than_high_school_graduate,
Nebraska,High_school_graduate_includes_equivalency,
Nebraska,Some_college_or_associates_degree,
Nebraska,Bachelors_degree,Combined_25_to_39_years
Nebraska,Bachelors_degree,Biological_Agricultural_and_Environmental_Sciences
Nebraska,Bachelors_degree,Business
Nebraska,Bachelors_degree,Communications
Nebraska,Bachelors_degree,Computers_Mathematics_and_Statistics
Nebraska,Bachelors_degree,Education
Nebraska,Bachelors_degree,Engineering
Nebraska,Bachelors_degree,Liberal_Arts_and_History
Nebraska,Bachelors_degree,Literature_and_Languages
Nebraska,Bachelors_degree,Multidisciplinary_Studies
Nebraska,Bachelors_degree,Other
Nebraska,Bachelors_degree,Physical_and_Related_Sciences
Nebraska,Bachelors_degree,Psychology
Nebraska,Bachelors_degree,Science_and_Engineering_Related_Fields
Nebraska,Bachelors_degree,Social_Sciences
Nebraska,Bachelors_degree,Visual_and_Performing_Arts
Nevada,Less_than_high_school_graduate,
Nevada,High_school_graduate_includes_equivalency,
Nevada,Some_college_or_associates_degree,
Nevada,Bachelors_degree,Combined_25_to_39_years
Nevada,Bachelors_degree,Biological_Agricultural_and_Environmental_Sciences
Nevada,Bachelors_degree,Business
Nevada,Bachelors_degree,Communications
Nevada,Bachelors_degree,Computers_Mathematics_and_Statistics
Nevada,Bachelors_degree,Education
Nevada,Bachelors_degree,Engineering
Nevada,Bachelors_degree,Liberal_Arts_and_History
Nevada,Bachelors_degree,Literature_and_Languages
Nevada,Bachelors_degree,Multidisciplinary_Studies
Nevada,Bachelors_degree,Other
Nevada,Bachelors_degree,Physical_and_Related_Sciences
Nevada,Bachelors_degree,Psychology
Nevada,Bachelors_degree,Science_and_Engineering_Related_Fields
Nevada,Bachelors_degree,Social_Sciences
Nevada,Bachelors_degree,Visual_and_Performing_Arts
Nevada,Less_than_high_school_graduate,
Nevada,High_school_graduate_includes_equivalency,
Nevada,Some_college_or_associates_degree,
Nevada,Bachelors_degree,Combined_25_to_39_years
Nevada,Bachelors_degree,Biological_Agricultural_and_Environmental_Sciences
Nevada,Bachelors_degree,Business
Nevada,Bachelors_degree,Communications
Nevada,Bachelors_degree,Computers_Mathematics_and_Statistics
Nevada,Bachelors_degree,Education
Nevada,Bachelors_degree,Engineering
Nevada,Bachelors_degree,Liberal_Arts_and_History
Nevada,Bachelors_degree,Literature_and_Languages
Nevada,Bachelors_degree,Multidisciplinary_Studies
Nevada,Bachelors_degree,Other
Nevada,Bachelors_degree,Physical_and_Related_Sciences
Nevada,Bachelors_degree,Psychology
Nevada,Bachelors_degree,Science_and_Engineering_Related_Fields
Nevada,Bachelors_degree,Social_Sciences
Nevada,Bachelors_degree,Visual_and_Performing_Arts
New_Hampshire,Less_than_high_school_graduate,
New_Hampshire,High_school_graduate_includes_equivalency,
New_Hampshire,Some_college_or_associates_degree,
New_Hampshire,Bachelors_degree,Combined_25_to_39_years
New_Hampshire,Bachelors_degree,Biological_Agricultural_and_Environmental_Sciences
New_Hampshire,Bachelors_degree,Business
New_Hampshire,Bachelors_degree,Communications
New_Hampshire,Bachelors_degree,Computers_Mathematics_and_Statistics
New_Hampshire,Bachelors_degree,Education
New_Hampshire,Bachelors_degree,Engineering
New_Hampshire,Bachelors_degree,Liberal_Arts_and_History
New_Hampshire,Bachelors_degree,Literature_and_Languages
New_Hampshire,Bachelors_degree,Multidisciplinary_Studies
New_Hampshire,Bachelors_degree,Other
New_Hampshire,Bachelors_degree,Physical_and_Related_Sciences
New_Hampshire,Bachelors_degree,Psychology
New_Hampshire,Bachelors_degree,Science_and_Engineering_Related_Fields
New_Hampshire,Bachelors_degree,Social_Sciences
New_Hampshire,Bachelors_degree,Visual_and_Performing_Arts
New_Hampshire,Less_than_high_school_graduate,
New_Hampshire,High_school_graduate_includes_equivalency,
New_Hampshire,Some_college_or_associates_degree,
New_Hampshire,Bachelors_degree,Combined_25_to_39_years
New_Hampshire,Bachelors_degree,Biological_Agricultural_and_Environmental_Sciences
New_Hampshire,Bachelors_degree,Business
New_Hampshire,Bachelors_degree,Communications
New_Hampshire,Bachelors_degree,Computers_Mathematics_and_Statistics
New_Hampshire,Bachelors_degree,Education
New_Hampshire,Bachelors_degree,Engineering
New_Hampshire,Bachelors_degree,Liberal_Arts_and_History
New_Hampshire,Bachelors_degree,Literature_and_Languages
New_Hampshire,Bachelors_degree,Multidisciplinary_Studies
New_Hampshire,Bachelors_degree,Other
New_Hampshire,Bachelors_degree,Physical_and_Related_Sciences
New_Hampshire,Bachelors_degree,Psychology
New_Hampshire,Bachelors_degree,Science_and_Engineering_Related_Fields
New_Hampshire,Bachelors_degree,Social_Sciences
New_Hampshire,Bachelors_degree,Visual_and_Performing_Arts
New_Jersey,Less_than_high_school_graduate,
New_Jersey,High_school_graduate_includes_equivalency,
New_Jersey,Some_college_or_associates_degree,
New_Jersey,Bachelors_degree,Combined_25_to_39_years
New_Jersey,Bachelors_degree,Biological_Agricultural_and_Environmental_Sciences
New_Jersey,Bachelors_degree,Business
New_Jersey,Bachelors_degree,Communications
New_Jersey,Bachelors_degree,Computers_Mathematics_and_Statistics
New_Jersey,Bachelors_degree,Education
New_Jersey,Bachelors_degree,Engineering
New_Jersey,Bachelors_degree,Liberal_Arts_and_History
New_Jersey,Bachelors_degree,Literature_and_Languages
New_Jersey,Bachelors_degree,Multidisciplinary_Studies
New_Jersey,Bachelors_degree,Other
New_Jersey,Bachelors_degree,Physical_and_Related_Sciences
New_Jersey,Bachelors_degree,Psychology
New_Jersey,Bachelors_degree,Science_and_Engineering_Related_Fields
New_Jersey,Bachelors_degree,Social_Sciences
New_Jersey,Bachelors_degree,Visual_and_Performing_Arts
New_Jersey,Less_than_high_school_graduate,
New_Jersey,High_school_graduate_includes_equivalency,
New_Jersey,Some_college_or_associates_degree,
New_Jersey,Bachelors_degree,Combined_25_to_39_years
New_Jersey,Bachelors_degree,Biological_Agricultural_and_Environmental_Sciences
New_Jersey,Bachelors_degree,Business
New_Jersey,Bachelors_degree,Communications
New_Jersey,Bachelors_degree,Computers_Mathematics_and_Statistics
New_Jersey,Bachelors_degree,Education
New_Jersey,Bachelors_degree,Engineering
New_Jersey,Bachelors_degree,Liberal_Arts_and_History
New_Jersey,Bachelors_degree,Literature_and_Languages
New_Jersey,Bachelors_degree,Multidisciplinary_Studies
New_Jersey,Bachelors_degree,Other
New_Jersey,Bachelors_degree,Physical_and_Related_Sciences
New_Jersey,Bachelors_degree,Psychology
New_Jersey,Bachelors_degree,Science_and_Engineering_Related_Fields
New_Jersey,Bachelors_degree,Social_Sciences
New_Jersey,Bachelors_degree,Visual_and_Performing_Arts
New_Mexico,Less_than_high_school_graduate,
New_Mexico,High_school_graduate_includes_equivalency,
New_Mexico,Some_college_or_associates_degree,
New_Mexico,Bachelors_degree,Combined_25_to_39_years
New_Mexico,Bachelors_degree,Biological_Agricultural_and_Environmental_Sciences
New_Mexico,Bachelors_degree,Business
New_Mexico,Bachelors_degree,Communications
New_Mexico,Bachelors_degree,Computers_Mathematics_and_Statistics
New_Mexico,Bachelors_degree,Education
New_Mexico,Bachelors_degree,Engineering
New_Mexico,Bachelors_degree,Liberal_Arts_and_History
New_Mexico,Bachelors_degree,Literature_and_Languages
New_Mexico,Bachelors_degree,Multidisciplinary_Studies
New_Mexico,Bachelors_degree,Other
New_Mexico,Bachelors_degree,Physical_and_Related_Sciences
New_Mexico,Bachelors_degree,Psychology
New_Mexico,Bachelors_degree,Science_and_Engineering_Related_Fields
New_Mexico,Bachelors_degree,Social_Sciences
New_Mexico,Bachelors_degree,Visual_and_Performing_Arts
New_Mexico,Less_than_high_school_graduate,
New_Mexico,High_school_graduate_includes_equivalency,
New_Mexico,Some_college_or_associates_degree,
New_Mexico,Bachelors_degree,Combined_25_to_39_years
New_Mexico,Bachelors_degree,Biological_Agricultural_and_Environmental_Sciences
New_Mexico,Bachelors_degree,Business
New_Mexico,Bachelors_degree,Communications
New_Mexico,Bachelors_degree,Computers_Mathematics_and_Statistics
New_Mexico,Bachelors_degree,Education
New_Mexico,Bachelors_degree,Engineering
New_Mexico,Bachelors_degree,Liberal_Arts_and_History
New_Mexico,Bachelors_degree,Literature_and_Languages
New_Mexico,Bachelors_degree,Multidisciplinary_Studies
New_Mexico,Bachelors_degree,Other
New_Mexico,Bachelors_degree,Physical_and_Related_Sciences
New_Mexico,Bachelors_degree,Psychology
New_Mexico,Bachelors_degree,Science_and_Engineering_Related_Fields
New_Mexico,Bachelors_degree,Social_Sciences
New_Mexico,Bachelors_degree,Visual_and_Performing_Arts
New_York,Less_than_high_school_graduate,
New_York,High_school_graduate_includes_equivalency,
New_York,Some_college_or_associates_degree,
New_York,Bachelors_degree,Combined_25_to_39_years
New_York,Bachelors_degree,Biological_Agricultural_and_Environmental_Sciences
New_York,Bachelors_degree,Business
New_York,Bachelors_degree,Communications
New_York,Bachelors_degree,Computers_Mathematics_and_Statistics
New_York,Bachelors_degree,Education
New_York,Bachelors_degree,Engineering
New_York,Bachelors_degree,Liberal_Arts_and_History
New_York,Bachelors_degree,Literature_and_Languages
New_York,Bachelors_degree,Multidisciplinary_Studies
New_York,Bachelors_degree,Other
New_York,Bachelors_degree,Physical_and_Related_Sciences
New_York,Bachelors_degree,Psychology
New_York,Bachelors_degree,Science_and_Engineering_Related_Fields
New_York,Bachelors_degree,Social_Sciences
New_York,Bachelors_degree,Visual_and_Performing_Arts
New_York,Less_than_high_school_graduate,
New_York,High_school_graduate_includes_equivalency,
New_York,Some_college_or_associates_degree,
New_York,Bachelors_degree,Combined_25_to_39_years
New_York,Bachelors_degree,Biological_Agricultural_and_Environmental_Sciences
New_York,Bachelors_degree,Business
New_York,Bachelors_degree,Communications
New_York,Bachelors_degree,Computers_Mathematics_and_Statistics
New_York,Bachelors_degree,Education
New_York,Bachelors_degree,Engineering
New_York,Bachelors_degree,Liberal_Arts_and_History
New_York,Bachelors_degree,Literature_and_Languages
New_York,Bachelors_degree,Multidisciplinary_Studies
New_York,Bachelors_degree,Other
New_York,Bachelors_degree,Physical_and_Related_Sciences
New_York,Bachelors_degree,Psychology
New_York,Bachelors_degree,Science_and_Engineering_Related_Fields
New_York,Bachelors_degree,Social_Sciences
New_York,Bachelors_degree,Visual_and_Performing_Arts
North_Carolina,Less_than_high_school_graduate,
North_Carolina,High_school_graduate_includes_equivalency,
North_Carolina,Some_college_or_associates_degree,
North_Carolina,Bachelors_degree,Combined_25_to_39_years
North_Carolina,Bachelors_degree,Biological_Agricultural_and_Environmental_Sciences
North_Carolina,Bachelors_degree,Business
North_Carolina,Bachelors_degree,Communications
North_Carolina,Bachelors_degree,Computers_Mathematics_and_Statistics
North_Carolina,Bachelors_degree,Education
North_Carolina,Bachelors_degree,Engineering
North_Carolina,Bachelors_degree,Liberal_Arts_and_History
North_Carolina,Bachelors_degree,Literature_and_Languages
North_Carolina,Bachelors_degree,Multidisciplinary_Studies
North_Carolina,Bachelors_degree,Other
North_Carolina,Bachelors_degree,Physical_and_Related_Sciences
North_Carolina,Bachelors_degree,Psychology
North_Carolina,Bachelors_degree,Science_and_Engineering_Related_Fields
North_Carolina,Bachelors_degree,Social_Sciences
North_Carolina,Bachelors_degree,Visual_and_Performing_Arts
North_Carolina,Less_than_high_school_graduate,
North_Carolina,High_school_graduate_includes_equivalency,
North_Carolina,Some_college_or_associates_degree,
North_Carolina,Bachelors_degree,Combined_25_to_39_years
North_Carolina,Bachelors_degree,Biological_Agricultural_and_Environmental_Sciences
North_Carolina,Bachelors_degree,Business
North_Carolina,Bachelors_degree,Communications
North_Carolina,Bachelors_degree,Computers_Mathematics_and_Statistics
North_Carolina,Bachelors_degree,Education
North_Carolina,Bachelors_degree,Engineering
North_Carolina,Bachelors_degree,Liberal_Arts_and_History
North_Carolina,Bachelors_degree,Literature_and_Languages
North_Carolina,Bachelors_degree,Multidisciplinary_Studies
North_Carolina,Bachelors_degree,Other
North_Carolina,Bachelors_degree,Physical_and_Related_Sciences
North_Carolina,Bachelors_degree,Psychology
North_Carolina,Bachelors_degree,Science_and_Engineering_Related_Fields
North_Carolina,Bachelors_degree,Social_Sciences
North_Carolina,Bachelors_degree,Visual_and_Performing_Arts
North_Dakota,Less_than_high_school_graduate,
North_Dakota,High_school_graduate_includes_equivalency,
North_Dakota,Some_college_or_associates_degree,
North_Dakota,Bachelors_degree,Combined_25_to_39_years
North_Dakota,Bachelors_degree,Biological_Agricultural_and_Environmental_Sciences
North_Dakota,Bachelors_degree,Business
North_Dakota,Bachelors_degree,Communications
North_Dakota,Bachelors_degree,Computers_Mathematics_and_Statistics
North_Dakota,Bachelors_degree,Education
North_Dakota,Bachelors_degree,Engineering
North_Dakota,Bachelors_degree,Liberal_Arts_and_History
North_Dakota,Bachelors_degree,Literature_and_Languages
North_Dakota,Bachelors_degree,Multidisciplinary_Studies
North_Dakota,Bachelors_degree,Other
North_Dakota,Bachelors_degree,Physical_and_Related_Sciences
North_Dakota,Bachelors_degree,Psychology
North_Dakota,Bachelors_degree,Science_and_Engineering_Related_Fields
North_Dakota,Bachelors_degree,Social_Sciences
North_Dakota,Bachelors_degree,Visual_and_Performing_Arts
North_Dakota,Less_than_high_school_graduate,
North_Dakota,High_school_graduate_includes_equivalency,
North_Dakota,Some_college_or_associates_degree,
North_Dakota,Bachelors_degree,Combined_25_to_39_years
North_Dakota,Bachelors_degree,Biological_Agricultural_and_Environmental_Sciences
North_Dakota,Bachelors_degree,Business
North_Dakota,Bachelors_degree,Communications
North_Dakota,Bachelors_degree,Computers_Mathematics_and_Statistics
North_Dakota,Bachelors_degree,Education
North_Dakota,Bachelors_degree,Engineering
North_Dakota,Bachelors_degree,Liberal_Arts_and_History
North_Dakota,Bachelors_degree,Literature_and_Languages
North_Dakota,Bachelors_degree,Multidisciplinary_Studies
North_Dakota,Bachelors_degree,Other
North_Dakota,Bachelors_degree,Physical_and_Related_Sciences
North_Dakota,Bachelors_degree,Psychology
North_Dakota,Bachelors_degree,Science_and_Engineering_Related_Fields
North_Dakota,Bachelors_degree,Social_Sciences
North_Dakota,Bachelors_degree,Visual_and_Performing_Arts
Ohio,Less_than_high_school_graduate,
Ohio,High_school_graduate_includes_equivalency,
Ohio,Some_college_or_associates_degree,
Ohio,Bachelors_degree,Combined_25_to_39_years
Ohio,Bachelors_degree,Biological_Agricultural_and_Environmental_Sciences
Ohio,Bachelors_degree,Business
Ohio,Bachelors_degree,Communications
Ohio,Bachelors_degree,Computers_Mathematics_and_Statistics
Ohio,Bachelors_degree,Education
Ohio,Bachelors_degree,Engineering
Ohio,Bachelors_degree,Liberal_Arts_and_History
Ohio,Bachelors_degree,Literature_and_Languages
Ohio,Bachelors_degree,Multidisciplinary_Studies
Ohio,Bachelors_degree,Other
Ohio,Bachelors_degree,Physical_and_Related_Sciences
Ohio,Bachelors_degree,Psychology
Ohio,Bachelors_degree,Science_and_Engineering_Related_Fields
Ohio,Bachelors_degree,Social_Sciences
Ohio,Bachelors_degree,Visual_and_Performing_Arts
Ohio,Less_than_high_school_graduate,
Ohio,High_school_graduate_includes_equivalency,
Ohio,Some_college_or_associates_degree,
Ohio,Bachelors_degree,Combined_25_to_39_years
Ohio,Bachelors_degree,Biological_Agricultural_and_Environmental_Sciences
Ohio,Bachelors_degree,Business
Ohio,Bachelors_degree,Communications
Ohio,Bachelors_degree,Computers_Mathematics_and_Statistics
Ohio,Bachelors_degree,Education
Ohio,Bachelors_degree,Engineering
Ohio,Bachelors_degree,Liberal_Arts_and_History
Ohio,Bachelors_degree,Literature_and_Languages
Ohio,Bachelors_degree,Multidisciplinary_Studies
Ohio,Bachelors_degree,Other
Ohio,Bachelors_degree,Physical_and_Related_Sciences
Ohio,Bachelors_degree,Psychology
Ohio,Bachelors_degree,Science_and_Engineering_Related_Fields
Ohio,Bachelors_degree,Social_Sciences
Ohio,Bachelors_degree,Visual_and_Performing_Arts
Oklahoma,Less_than_high_school_graduate,
Oklahoma,High_school_graduate_includes_equivalency,
Oklahoma,Some_college_or_associates_degree,
Oklahoma,Bachelors_degree,Combined_25_to_39_years
Oklahoma,Bachelors_degree,Biological_Agricultural_and_Environmental_Sciences
Oklahoma,Bachelors_degree,Business
Oklahoma,Bachelors_degree,Communications
Oklahoma,Bachelors_degree,Computers_Mathematics_and_Statistics
Oklahoma,Bachelors_degree,Education
Oklahoma,Bachelors_degree,Engineering
Oklahoma,Bachelors_degree,Liberal_Arts_and_History
Oklahoma,Bachelors_degree,Literature_and_Languages
Oklahoma,Bachelors_degree,Multidisciplinary_Studies
Oklahoma,Bachelors_degree,Other
Oklahoma,Bachelors_degree,Physical_and_Related_Sciences
Oklahoma,Bachelors_degree,Psychology
Oklahoma,Bachelors_degree,Science_and_Engineering_Related_Fields
Oklahoma,Bachelors_degree,Social_Sciences
Oklahoma,Bachelors_degree,Visual_and_Performing_Arts
Oklahoma,Less_than_high_school_graduate,
Oklahoma,High_school_graduate_includes_equivalency,
Oklahoma,Some_college_or_associates_degree,
Oklahoma,Bachelors_degree,Combined_25_to_39_years
Oklahoma,Bachelors_degree,Biological_Agricultural_and_Environmental_Sciences
Oklahoma,Bachelors_degree,Business
Oklahoma,Bachelors_degree,Communications
Oklahoma,Bachelors_degree,Computers_Mathematics_and_Statistics
Oklahoma,Bachelors_degree,Education
Oklahoma,Bachelors_degree,Engineering
Oklahoma,Bachelors_degree,Liberal_Arts_and_History
Oklahoma,Bachelors_degree,Literature_and_Languages
Oklahoma,Bachelors_degree,Multidisciplinary_Studies
Oklahoma,Bachelors_degree,Other
Oklahoma,Bachelors_degree,Physical_and_Related_Sciences
Oklahoma,Bachelors_degree,Psychology
Oklahoma,Bachelors_degree,Science_and_Engineering_Related_Fields
Oklahoma,Bachelors_degree,Social_Sciences
Oklahoma,Bachelors_degree,Visual_and_Performing_Arts
Oregon,Less_than_high_school_graduate,
Oregon,High_school_graduate_includes_equivalency,
Oregon,Some_college_or_associates_degree,
Oregon,Bachelors_degree,Combined_25_to_39_years
Oregon,Bachelors_degree,Biological_Agricultural_and_Environmental_Sciences
Oregon,Bachelors_degree,Business
Oregon,Bachelors_degree,Communications
Oregon,Bachelors_degree,Computers_Mathematics_and_Statistics
Oregon,Bachelors_degree,Education
Oregon,Bachelors_degree,Engineering
Oregon,Bachelors_degree,Liberal_Arts_and_History
Oregon,Bachelors_degree,Literature_and_Languages
Oregon,Bachelors_degree,Multidisciplinary_Studies
Oregon,Bachelors_degree,Other
Oregon,Bachelors_degree,Physical_and_Related_Sciences
Oregon,Bachelors_degree,Psychology
Oregon,Bachelors_degree,Science_and_Engineering_Related_Fields
Oregon,Bachelors_degree,Social_Sciences
Oregon,Bachelors_degree,Visual_and_Performing_Arts
Oregon,Less_than_high_school_graduate,
Oregon,High_school_graduate_includes_equivalency,
Oregon,Some_college_or_associates_degree,
Oregon,Bachelors_degree,Combined_25_to_39_years
Oregon,Bachelors_degree,Biological_Agricultural_and_Environmental_Sciences
Oregon,Bachelors_degree,Business
Oregon,Bachelors_degree,Communications
Oregon,Bachelors_degree,Computers_Mathematics_and_Statistics
Oregon,Bachelors_degree,Education
Oregon,Bachelors_degree,Engineering
Oregon,Bachelors_degree,Liberal_Arts_and_History
Oregon,Bachelors_degree,Literature_and_Languages
Oregon,Bachelors_degree,Multidisciplinary_Studies
Oregon,Bachelors_degree,Other
Oregon,Bachelors_degree,Physical_and_Related_Sciences
Oregon,Bachelors_degree,Psychology
Oregon,Bachelors_degree,Science_and_Engineering_Related_Fields
Oregon,Bachelors_degree,Social_Sciences
Oregon,Bachelors_degree,Visual_and_Performing_Arts
Pennsylvania,Less_than_high_school_graduate,
Pennsylvania,High_school_graduate_includes_equivalency,
Pennsylvania,Some_college_or_associates_degree,
Pennsylvania,Bachelors_degree,Combined_25_to_39_years
Pennsylvania,Bachelors_degree,Biological_Agricultural_and_Environmental_Sciences
Pennsylvania,Bachelors_degree,Business
Pennsylvania,Bachelors_degree,Communications
Pennsylvania,Bachelors_degree,Computers_Mathematics_and_Statistics
Pennsylvania,Bachelors_degree,Education
Pennsylvania,Bachelors_degree,Engineering
Pennsylvania,Bachelors_degree,Liberal_Arts_and_History
Pennsylvania,Bachelors_degree,Literature_and_Languages
Pennsylvania,Bachelors_degree,Multidisciplinary_Studies
Pennsylvania,Bachelors_degree,Other
Pennsylvania,Bachelors_degree,Physical_and_Related_Sciences
Pennsylvania,Bachelors_degree,Psychology
Pennsylvania,Bachelors_degree,Science_and_Engineering_Related_Fields
Pennsylvania,Bachelors_degree,Social_Sciences
Pennsylvania,Bachelors_degree,Visual_and_Performing_Arts
Pennsylvania,Less_than_high_school_graduate,
Pennsylvania,High_school_graduate_includes_equivalency,
Pennsylvania,Some_college_or_associates_degree,
Pennsylvania,Bachelors_degree,Combined_25_to_39_years
Pennsylvania,Bachelors_degree,Biological_Agricultural_and_Environmental_Sciences
Pennsylvania,Bachelors_degree,Business
Pennsylvania,Bachelors_degree,Communications
Pennsylvania,Bachelors_degree,Computers_Mathematics_and_Statistics
Pennsylvania,Bachelors_degree,Education
Pennsylvania,Bachelors_degree,Engineering
Pennsylvania,Bachelors_degree,Liberal_Arts_and_History
Pennsylvania,Bachelors_degree,Literature_and_Languages
Pennsylvania,Bachelors_degree,Multidisciplinary_Studies
Pennsylvania,Bachelors_degree,Other
Pennsylvania,Bachelors_degree,Physical_and_Related_Sciences
Pennsylvania,Bachelors_degree,Psychology
Pennsylvania,Bachelors_degree,Science_and_Engineering_Related_Fields
Pennsylvania,Bachelors_degree,Social_Sciences
Pennsylvania,Bachelors_degree,Visual_and_Performing_Arts
Puerto_Rico,Less_than_high_school_graduate,
Puerto_Rico,High_school_graduate_includes_equivalency,
Puerto_Rico,Some_college_or_associates_degree,
Puerto_Rico,Bachelors_degree,Combined_25_to_39_years
Puerto_Rico,Bachelors_degree,Biological_Agricultural_and_Environmental_Sciences
Puerto_Rico,Bachelors_degree,Business
Puerto_Rico,Bachelors_degree,Communications
Puerto_Rico,Bachelors_degree,Computers_Mathematics_and_Statistics
Puerto_Rico,Bachelors_degree,Education
Puerto_Rico,Bachelors_degree,Engineering
Puerto_Rico,Bachelors_degree,Liberal_Arts_and_History
Puerto_Rico,Bachelors_degree,Literature_and_Languages
Puerto_Rico,Bachelors_degree,Multidisciplinary_Studies
Puerto_Rico,Bachelors_degree,Other
Puerto_Rico,Bachelors_degree,Physical_and_Related_Sciences
Puerto_Rico,Bachelors_degree,Psychology
Puerto_Rico,Bachelors_degree,Science_and_Engineering_Related_Fields
Puerto_Rico,Bachelors_degree,Social_Sciences
Puerto_Rico,Bachelors_degree,Visual_and_Performing_Arts
Puerto_Rico,Less_than_high_school_graduate,
Puerto_Rico,High_school_graduate_includes_equivalency,
Puerto_Rico,Some_college_or_associates_degree,
Puerto_Rico,Bachelors_degree,Combined_25_to_39_years
Puerto_Rico,Bachelors_degree,Biological_Agricultural_and_Environmental_Sciences
Puerto_Rico,Bachelors_degree,Business
Puerto_Rico,Bachelors_degree,Communications
Puerto_Rico,Bachelors_degree,Computers_Mathematics_and_Statistics
Puerto_Rico,Bachelors_degree,Education
Puerto_Rico,Bachelors_degree,Engineering
Puerto_Rico,Bachelors_degree,Liberal_Arts_and_History
Puerto_Rico,Bachelors_degree,Literature_and_Languages
Puerto_Rico,Bachelors_degree,Multidisciplinary_Studies
Puerto_Rico,Bachelors_degree,Other
Puerto_Rico,Bachelors_degree,Physical_and_Related_Sciences
Puerto_Rico,Bachelors_degree,Psychology
Puerto_Rico,Bachelors_degree,Science_and_Engineering_Related_Fields
Puerto_Rico,Bachelors_degree,Social_Sciences
Puerto_Rico,Bachelors_degree,Visual_and_Performing_Arts
Rhode_Island,Less_than_high_school_graduate,
Rhode_Island,High_school_graduate_includes_equivalency,
Rhode_Island,Some_college_or_associates_degree,
Rhode_Island,Bachelors_degree,Combined_25_to_39_years
Rhode_Island,Bachelors_degree,Biological_Agricultural_and_Environmental_Sciences
Rhode_Island,Bachelors_degree,Business
Rhode_Island,Bachelors_degree,Communications
Rhode_Island,Bachelors_degree,Computers_Mathematics_and_Statistics
Rhode_Island,Bachelors_degree,Education
Rhode_Island,Bachelors_degree,Engineering
Rhode_Island,Bachelors_degree,Liberal_Arts_and_History
Rhode_Island,Bachelors_degree,Literature_and_Languages
Rhode_Island,Bachelors_degree,Multidisciplinary_Studies
Rhode_Island,Bachelors_degree,Other
Rhode_Island,Bachelors_degree,Physical_and_Related_Sciences
Rhode_Island,Bachelors_degree,Psychology
Rhode_Island,Bachelors_degree,Science_and_Engineering_Related_Fields
Rhode_Island,Bachelors_degree,Social_Sciences
Rhode_Island,Bachelors_degree,Visual_and_Performing_Arts
Rhode_Island,Less_than_high_school_graduate,
Rhode_Island,High_school_graduate_includes_equivalency,
Rhode_Island,Some_college_or_associates_degree,
Rhode_Island,Bachelors_degree,Combined_25_to_39_years
Rhode_Island,Bachelors_degree,Biological_Agricultural_and_Environmental_Sciences
Rhode_Island,Bachelors_degree,Business
Rhode_Island,Bachelors_degree,Communications
Rhode_Island,Bachelors_degree,Computers_Mathematics_and_Statistics
Rhode_Island,Bachelors_degree,Education
Rhode_Island,Bachelors_degree,Engineering
Rhode_Island,Bachelors_degree,Liberal_Arts_and_History
Rhode_Island,Bachelors_degree,Literature_and_Languages
Rhode_Island,Bachelors_degree,Multidisciplinary_Studies
Rhode_Island,Bachelors_degree,Other
Rhode_Island,Bachelors_degree,Physical_and_Related_Sciences
Rhode_Island,Bachelors_degree,Psychology
Rhode_Island,Bachelors_degree,Science_and_Engineering_Related_Fields
Rhode_Island,Bachelors_degree,Social_Sciences
Rhode_Island,Bachelors_degree,Visual_and_Performing_Arts
South_Carolina,Less_than_high_school_graduate,
South_Carolina,High_school_graduate_includes_equivalency,
South_Carolina,Some_college_or_associates_degree,
South_Carolina,Bachelors_degree,Combined_25_to_39_years
South_Carolina,Bachelors_degree,Biological_Agricultural_and_Environmental_Sciences
South_Carolina,Bachelors_degree,Business
South_Carolina,Bachelors_degree,Communications
South_Carolina,Bachelors_degree,Computers_Mathematics_and_Statistics
South_Carolina,Bachelors_degree,Education
South_Carolina,Bachelors_degree,Engineering
South_Carolina,Bachelors_degree,Liberal_Arts_and_History
South_Carolina,Bachelors_degree,Literature_and_Languages
South_Carolina,Bachelors_degree,Multidisciplinary_Studies
South_Carolina,Bachelors_degree,Other
South_Carolina,Bachelors_degree,Physical_and_Related_Sciences
South_Carolina,Bachelors_degree,Psychology
South_Carolina,Bachelors_degree,Science_and_Engineering_Related_Fields
South_Carolina,Bachelors_degree,Social_Sciences
South_Carolina,Bachelors_degree,Visual_and_Performing_Arts
South_Carolina,Less_than_high_school_graduate,
South_Carolina,High_school_graduate_includes_equivalency,
South_Carolina,Some_college_or_associates_degree,
South_Carolina,Bachelors_degree,Combined_25_to_39_years
South_Carolina,Bachelors_degree,Biological_Agricultural_and_Environmental_Sciences
South_Carolina,Bachelors_degree,Business
South_Carolina,Bachelors_degree,Communications
South_Carolina,Bachelors_degree,Computers_Mathematics_and_Statistics
South_Carolina,Bachelors_degree,Education
South_Carolina,Bachelors_degree,Engineering
South_Carolina,Bachelors_degree,Liberal_Arts_and_History
South_Carolina,Bachelors_degree,Literature_and_Languages
South_Carolina,Bachelors_degree,Multidisciplinary_Studies
South_Carolina,Bachelors_degree,Other
South_Carolina,Bachelors_degree,Physical_and_Related_Sciences
South_Carolina,Bachelors_degree,Psychology
South_Carolina,Bachelors_degree,Science_and_Engineering_Related_Fields
South_Carolina,Bachelors_degree,Social_Sciences
South_Carolina,Bachelors_degree,Visual_and_Performing_Arts
South_Dakota,Less_than_high_school_graduate,
South_Dakota,High_school_graduate_includes_equivalency,
South_Dakota,Some_college_or_associates_degree,
South_Dakota,Bachelors_degree,Combined_25_to_39_years
South_Dakota,Bachelors_degree,Biological_Agricultural_and_Environmental_Sciences
South_Dakota,Bachelors_degree,Business
South_Dakota,Bachelors_degree,Communications
South_Dakota,Bachelors_degree,Computers_Mathematics_and_Statistics
South_Dakota,Bachelors_degree,Education
South_Dakota,Bachelors_degree,Engineering
South_Dakota,Bachelors_degree,Liberal_Arts_and_History
South_Dakota,Bachelors_degree,Literature_and_Languages
South_Dakota,Bachelors_degree,Multidisciplinary_Studies
South_Dakota,Bachelors_degree,Other
South_Dakota,Bachelors_degree,Physical_and_Related_Sciences
South_Dakota,Bachelors_degree,Psychology
South_Dakota,Bachelors_degree,Science_and_Engineering_Related_Fields
South_Dakota,Bachelors_degree,Social_Sciences
South_Dakota,Bachelors_degree,Visual_and_Performing_Arts
South_Dakota,Less_than_high_school_graduate,
South_Dakota,High_school_graduate_includes_equivalency,
South_Dakota,Some_college_or_associates_degree,
South_Dakota,Bachelors_degree,Combined_25_to_39_years
South_Dakota,Bachelors_degree,Biological_Agricultural_and_Environmental_Sciences
South_Dakota,Bachelors_degree,Business
South_Dakota,Bachelors_degree,Communications
South_Dakota,Bachelors_degree,Computers_Mathematics_and_Statistics
South_Dakota,Bachelors_degree,Education
South_Dakota,Bachelors_degree,Engineering
South_Dakota,Bachelors_degree,Liberal_Arts_and_History
South_Dakota,Bachelors_degree,Literature_and_Languages
South_Dakota,Bachelors_degree,Multidisciplinary_Studies
South_Dakota,Bachelors_degree,Other
South_Dakota,Bachelors_degree,Physical_and_Related_Sciences
South_Dakota,Bachelors_degree,Psychology
South_Dakota,Bachelors_degree,Science_and_Engineering_Related_Fields
South_Dakota,Bachelors_degree,Social_Sciences
South_Dakota,Bachelors_degree,Visual_and_Performing_Arts
Tennessee,Less_than_high_school_graduate,
Tennessee,High_school_graduate_includes_equivalency,
Tennessee,Some_college_or_associates_degree,
Tennessee,Bachelors_degree,Combined_25_to_39_years
Tennessee,Bachelors_degree,Biological_Agricultural_and_Environmental_Sciences
Tennessee,Bachelors_degree,Business
Tennessee,Bachelors_degree,Communications
Tennessee,Bachelors_degree,Computers_Mathematics_and_Statistics
Tennessee,Bachelors_degree,Education
Tennessee,Bachelors_degree,Engineering
Tennessee,Bachelors_degree,Liberal_Arts_and_History
Tennessee,Bachelors_degree,Literature_and_Languages
Tennessee,Bachelors_degree,Multidisciplinary_Studies
Tennessee,Bachelors_degree,Other
Tennessee,Bachelors_degree,Physical_and_Related_Sciences
Tennessee,Bachelors_degree,Psychology
Tennessee,Bachelors_degree,Science_and_Engineering_Related_Fields
Tennessee,Bachelors_degree,Social_Sciences
Tennessee,Bachelors_degree,Visual_and_Performing_Arts
Tennessee,Less_than_high_school_graduate,
Tennessee,High_school_graduate_includes_equivalency,
Tennessee,Some_college_or_associates_degree,
Tennessee,Bachelors_degree,Combined_25_to_39_years
Tennessee,Bachelors_degree,Biological_Agricultural_and_Environmental_Sciences
Tennessee,Bachelors_degree,Business
Tennessee,Bachelors_degree,Communications
Tennessee,Bachelors_degree,Computers_Mathematics_and_Statistics
Tennessee,Bachelors_degree,Education
Tennessee,Bachelors_degree,Engineering
Tennessee,Bachelors_degree,Liberal_Arts_and_History
Tennessee,Bachelors_degree,Literature_and_Languages
Tennessee,Bachelors_degree,Multidisciplinary_Studies
Tennessee,Bachelors_degree,Other
Tennessee,Bachelors_degree,Physical_and_Related_Sciences
Tennessee,Bachelors_degree,Psychology
Tennessee,Bachelors_degree,Science_and_Engineering_Related_Fields
Tennessee,Bachelors_degree,Social_Sciences
Tennessee,Bachelors_degree,Visual_and_Performing_Arts
Texas,Less_than_high_school_graduate,
Texas,High_school_graduate_includes_equivalency,
Texas,Some_college_or_associates_degree,
Texas,Bachelors_degree,Combined_25_to_39_years
Texas,Bachelors_degree,Biological_Agricultural_and_Environmental_Sciences
Texas,Bachelors_degree,Business
Texas,Bachelors_degree,Communications
Texas,Bachelors_degree,Computers_Mathematics_and_Statistics
Texas,Bachelors_degree,Education
Texas,Bachelors_degree,Engineering
Texas,Bachelors_degree,Liberal_Arts_and_History
Texas,Bachelors_degree,Literature_and_Languages
Texas,Bachelors_degree,Multidisciplinary_Studies
Texas,Bachelors_degree,Other
Texas,Bachelors_degree,Physical_and_Related_Sciences
Texas,Bachelors_degree,Psychology
Texas,Bachelors_degree,Science_and_Engineering_Related_Fields
Texas,Bachelors_degree,Social_Sciences
Texas,Bachelors_degree,Visual_and_Performing_Arts
Texas,Less_than_high_school_graduate,
Texas,High_school_graduate_includes_equivalency,
Texas,Some_college_or_associates_degree,
Texas,Bachelors_degree,Combined_25_to_39_years
Texas,Bachelors_degree,Biological_Agricultural_and_Environmental_Sciences
Texas,Bachelors_degree,Business
Texas,Bachelors_degree,Communications
Texas,Bachelors_degree,Computers_Mathematics_and_Statistics
Texas,Bachelors_degree,Education
Texas,Bachelors_degree,Engineering
Texas,Bachelors_degree,Liberal_Arts_and_History
Texas,Bachelors_degree,Literature_and_Languages
Texas,Bachelors_degree,Multidisciplinary_Studies
Texas,Bachelors_degree,Other
Texas,Bachelors_degree,Physical_and_Related_Sciences
Texas,Bachelors_degree,Psychology
Texas,Bachelors_degree,Science_and_Engineering_Related_Fields
Texas,Bachelors_degree,Social_Sciences
Texas,Bachelors_degree,Visual_and_Performing_Arts
Utah,Less_than_high_school_graduate,
Utah,High_school_graduate_includes_equivalency,
Utah,Some_college_or_associates_degree,
Utah,Bachelors_degree,Combined_25_to_39_years
Utah,Bachelors_degree,Biological_Agricultural_and_Environmental_Sciences
Utah,Bachelors_degree,Business
Utah,Bachelors_degree,Communications
Utah,Bachelors_degree,Computers_Mathematics_and_Statistics
Utah,Bachelors_degree,Education
Utah,Bachelors_degree,Engineering
Utah,Bachelors_degree,Liberal_Arts_and_History
Utah,Bachelors_degree,Literature_and_Languages
Utah,Bachelors_degree,Multidisciplinary_Studies
Utah,Bachelors_degree,Other
Utah,Bachelors_degree,Physical_and_Related_Sciences
Utah,Bachelors_degree,Psychology
Utah,Bachelors_degree,Science_and_Engineering_Related_Fields
Utah,Bachelors_degree,Social_Sciences
Utah,Bachelors_degree,Visual_and_Performing_Arts
Utah,Less_than_high_school_graduate,
Utah,High_school_graduate_includes_equivalency,
Utah,Some_college_or_associates_degree,
Utah,Bachelors_degree,Combined_25_to_39_years
Utah,Bachelors_degree,Biological_Agricultural_and_Environmental_Sciences
Utah,Bachelors_degree,Business
Utah,Bachelors_degree,Communications
Utah,Bachelors_degree,Computers_Mathematics_and_Statistics
Utah,Bachelors_degree,Education
Utah,Bachelors_degree,Engineering
Utah,Bachelors_degree,Liberal_Arts_and_History
Utah,Bachelors_degree,Literature_and_Languages
Utah,Bachelors_degree,Multidisciplinary_Studies
Utah,Bachelors_degree,Other
Utah,Bachelors_degree,Physical_and_Related_Sciences
Utah,Bachelors_degree,Psychology
Utah,Bachelors_degree,Science_and_Engineering_Related_Fields
Utah,Bachelors_degree,Social_Sciences
Utah,Bachelors_degree,Visual_and_Performing_Arts
Vermont,Less_than_high_school_graduate,
Vermont,High_school_graduate_includes_equivalency,
Vermont,Some_college_or_associates_degree,
Vermont,Bachelors_degree,Combined_25_to_39_years
Vermont,Bachelors_degree,Biological_Agricultural_and_Environmental_Sciences
Vermont,Bachelors_degree,Business
Vermont,Bachelors_degree,Communications
Vermont,Bachelors_degree,Computers_Mathematics_and_Statistics
Vermont,Bachelors_degree,Education
Vermont,Bachelors_degree,Engineering
Vermont,Bachelors_degree,Liberal_Arts_and_History
Vermont,Bachelors_degree,Literature_and_Languages
Vermont,Bachelors_degree,Multidisciplinary_Studies
Vermont,Bachelors_degree,Other
Vermont,Bachelors_degree,Physical_and_Related_Sciences
Vermont,Bachelors_degree,Psychology
Vermont,Bachelors_degree,Science_and_Engineering_Related_Fields
Vermont,Bachelors_degree,Social_Sciences
Vermont,Bachelors_degree,Visual_and_Performing_Arts
Vermont,Less_than_high_school_graduate,
Vermont,High_school_graduate_includes_equivalency,
Vermont,Some_college_or_associates_degree,
Vermont,Bachelors_degree,Combined_25_to_39_years
Vermont,Bachelors_degree,Biological_Agricultural_and_Environmental_Sciences
Vermont,Bachelors_degree,Business
Vermont,Bachelors_degree,Communications
Vermont,Bachelors_degree,Computers_Mathematics_and_Statistics
Vermont,Bachelors_degree,Education
Vermont,Bachelors_degree,Engineering
Vermont,Bachelors_degree,Liberal_Arts_and_History
Vermont,Bachelors_degree,Literature_and_Languages
Vermont,Bachelors_degree,Multidisciplinary_Studies
Vermont,Bachelors_degree,Other
Vermont,Bachelors_degree,Physical_and_Related_Sciences
Vermont,Bachelors_degree,Psychology
Vermont,Bachelors_degree,Science_and_Engineering_Related_Fields
Vermont,Bachelors_degree,Social_Sciences
Vermont,Bachelors_degree,Visual_and_Performing_Arts
Virginia,Less_than_high_school_graduate,
Virginia,High_school_graduate_includes_equivalency,
Virginia,Some_college_or_associates_degree,
Virginia,Bachelors_degree,Combined_25_to_39_years
Virginia,Bachelors_degree,Biological_Agricultural_and_Environmental_Sciences
Virginia,Bachelors_degree,Business
Virginia,Bachelors_degree,Communications
Virginia,Bachelors_degree,Computers_Mathematics_and_Statistics
Virginia,Bachelors_degree,Education
Virginia,Bachelors_degree,Engineering
Virginia,Bachelors_degree,Liberal_Arts_and_History
Virginia,Bachelors_degree,Literature_and_Languages
Virginia,Bachelors_degree,Multidisciplinary_Studies
Virginia,Bachelors_degree,Other
Virginia,Bachelors_degree,Physical_and_Related_Sciences
Virginia,Bachelors_degree,Psychology
Virginia,Bachelors_degree,Science_and_Engineering_Related_Fields
Virginia,Bachelors_degree,Social_Sciences
Virginia,Bachelors_degree,Visual_and_Performing_Arts
Virginia,Less_than_high_school_graduate,
Virginia,High_school_graduate_includes_equivalency,
Virginia,Some_college_or_associates_degree,
Virginia,Bachelors_degree,Combined_25_to_39_years
Virginia,Bachelors_degree,Biological_Agricultural_and_Environmental_Sciences
Virginia,Bachelors_degree,Business
Virginia,Bachelors_degree,Communications
Virginia,Bachelors_degree,Computers_Mathematics_and_Statistics
Virginia,Bachelors_degree,Education
Virginia,Bachelors_degree,Engineering
Virginia,Bachelors_degree,Liberal_Arts_and_History
Virginia,Bachelors_degree,Literature_and_Languages
Virginia,Bachelors_degree,Multidisciplinary_Studies
Virginia,Bachelors_degree,Other
Virginia,Bachelors_degree,Physical_and_Related_Sciences
Virginia,Bachelors_degree,Psychology
Virginia,Bachelors_degree,Science_and_Engineering_Related_Fields
Virginia,Bachelors_degree,Social_Sciences
Virginia,Bachelors_degree,Visual_and_Performing_Arts
Washington,Less_than_high_school_graduate,
Washington,High_school_graduate_includes_equivalency,
Washington,Some_college_or_associates_degree,
Washington,Bachelors_degree,Combined_25_to_39_years
Washington,Bachelors_degree,Biological_Agricultural_and_Environmental_Sciences
Washington,Bachelors_degree,Business
Washington,Bachelors_degree,Communications
Washington,Bachelors_degree,Computers_Mathematics_and_Statistics
Washington,Bachelors_degree,Education
Washington,Bachelors_degree,Engineering
Washington,Bachelors_degree,Liberal_Arts_and_History
Washington,Bachelors_degree,Literature_and_Languages
Washington,Bachelors_degree,Multidisciplinary_Studies
Washington,Bachelors_degree,Other
Washington,Bachelors_degree,Physical_and_Related_Sciences
Washington,Bachelors_degree,Psychology
Washington,Bachelors_degree,Science_and_Engineering_Related_Fields
Washington,Bachelors_degree,Social_Sciences
Washington,Bachelors_degree,Visual_and_Performing_Arts
Washington,Less_than_high_school_graduate,
Washington,High_school_graduate_includes_equivalency,
Washington,Some_college_or_associates_degree,
Washington,Bachelors_degree,Combined_25_to_39_years
Washington,Bachelors_degree,Biological_Agricultural_and_Environmental_Sciences
Washington,Bachelors_degree,Business
Washington,Bachelors_degree,Communications
Washington,Bachelors_degree,Computers_Mathematics_and_Statistics
Washington,Bachelors_degree,Education
Washington,Bachelors_degree,Engineering
Washington,Bachelors_degree,Liberal_Arts_and_History
Washington,Bachelors_degree,Literature_and_Languages
Washington,Bachelors_degree,Multidisciplinary_Studies
Washington,Bachelors_degree,Other
Washington,Bachelors_degree,Physical_and_Related_Sciences
Washington,Bachelors_degree,Psychology
Washington,Bachelors_degree,Science_and_Engineering_Related_Fields
Washington,Bachelors_degree,Social_Sciences
Washington,Bachelors_degree,Visual_and_Performing_Arts
West_Virginia,Less_than_high_school_graduate,
West_Virginia,High_school_graduate_includes_equivalency,
West_Virginia,Some_college_or_associates_degree,
West_Virginia,Bachelors_degree,Combined_25_to_39_years
West_Virginia,Bachelors_degree,Biological_Agricultural_and_Environmental_Sciences
West_Virginia,Bachelors_degree,Business
West_Virginia,Bachelors_degree,Communications
West_Virginia,Bachelors_degree,Computers_Mathematics_and_Statistics
West_Virginia,Bachelors_degree,Education
West_Virginia,Bachelors_degree,Engineering
West_Virginia,Bachelors_degree,Liberal_Arts_and_History
West_Virginia,Bachelors_degree,Literature_and_Languages
West_Virginia,Bachelors_degree,Multidisciplinary_Studies
West_Virginia,Bachelors_degree,Other
West_Virginia,Bachelors_degree,Physical_and_Related_Sciences
West_Virginia,Bachelors_degree,Psychology
West_Virginia,Bachelors_degree,Science_and_Engineering_Related_Fields
West_Virginia,Bachelors_degree,Social_Sciences
West_Virginia,Bachelors_degree,Visual_and_Performing_Arts
West_Virginia,Less_than_high_school_graduate,
West_Virginia,High_school_graduate_includes_equivalency,
West_Virginia,Some_college_or_associates_degree,
West_Virginia,Bachelors_degree,Combined_25_to_39_years
West_Virginia,Bachelors_degree,Biological_Agricultural_and_Environmental_Sciences
West_Virginia,Bachelors_degree,Business
West_Virginia,Bachelors_degree,Communications
West_Virginia,Bachelors_degree,Computers_Mathematics_and_Statistics
West_Virginia,Bachelors_degree,Education
West_Virginia,Bachelors_degree,Engineering
West_Virginia,Bachelors_degree,Liberal_Arts_and_History
West_Virginia,Bachelors_degree,Literature_and_Languages
West_Virginia,Bachelors_degree,Multidisciplinary_Studies
West_Virginia,Bachelors_degree,Other
West_Virginia,Bachelors_degree,Physical_and_Related_Sciences
West_Virginia,Bachelors_degree,Psychology
West_Virginia,Bachelors_degree,Science_and_Engineering_Related_Fields
West_Virginia,Bachelors_degree,Social_Sciences
West_Virginia,Bachelors_degree,Visual_and_Performing_Arts
Wisconsin,Less_than_high_school_graduate,
Wisconsin,High_school_graduate_includes_equivalency,
Wisconsin,Some_college_or_associates_degree,
Wisconsin,Bachelors_degree,Combined_25_to_39_years
Wisconsin,Bachelors_degree,Biological_Agricultural_and_Environmental_Sciences
Wisconsin,Bachelors_degree,Business
Wisconsin,Bachelors_degree,Communications
Wisconsin,Bachelors_degree,Computers_Mathematics_and_Statistics
Wisconsin,Bachelors_degree,Education
Wisconsin,Bachelors_degree,Engineering
Wisconsin,Bachelors_degree,Liberal_Arts_and_History
Wisconsin,Bachelors_degree,Literature_and_Languages
Wisconsin,Bachelors_degree,Multidisciplinary_Studies
Wisconsin,Bachelors_degree,Other
Wisconsin,Bachelors_degree,Physical_and_Related_Sciences
Wisconsin,Bachelors_degree,Psychology
Wisconsin,Bachelors_degree,Science_and_Engineering_Related_Fields
Wisconsin,Bachelors_degree,Social_Sciences
Wisconsin,Bachelors_degree,Visual_and_Performing_Arts
Wisconsin,Less_than_high_school_graduate,
Wisconsin,High_school_graduate_includes_equivalency,
Wisconsin,Some_college_or_associates_degree,
Wisconsin,Bachelors_degree,Combined_25_to_39_years
Wisconsin,Bachelors_degree,Biological_Agricultural_and_Environmental_Sciences
Wisconsin,Bachelors_degree,Business
Wisconsin,Bachelors_degree,Communications
Wisconsin,Bachelors_degree,Computers_Mathematics_and_Statistics
Wisconsin,Bachelors_degree,Education
Wisconsin,Bachelors_degree,Engineering
Wisconsin,Bachelors_degree,Liberal_Arts_and_History
Wisconsin,Bachelors_degree,Literature_and_Languages
Wisconsin,Bachelors_degree,Multidisciplinary_Studies
Wisconsin,Bachelors_degree,Other
Wisconsin,Bachelors_degree,Physical_and_Related_Sciences
Wisconsin,Bachelors_degree,Psychology
Wisconsin,Bachelors_degree,Science_and_Engineering_Related_Fields
Wisconsin,Bachelors_degree,Social_Sciences
Wisconsin,Bachelors_degree,Visual_and_Performing_Arts
Wyoming,Less_than_high_school_graduate,
Wyoming,High_school_graduate_includes_equivalency,
Wyoming,Some_college_or_associates_degree,
Wyoming,Bachelors_degree,Combined_25_to_39_years
Wyoming,Bachelors_degree,Biological_Agricultural_and_Environmental_Sciences
Wyoming,Bachelors_degree,Business
Wyoming,Bachelors_degree,Communications
Wyoming,Bachelors_degree,Computers_Mathematics_and_Statistics
Wyoming,Bachelors_degree,Education
Wyoming,Bachelors_degree,Engineering
Wyoming,Bachelors_degree,Liberal_Arts_and_History
Wyoming,Bachelors_degree,Literature_and_Languages
Wyoming,Bachelors_degree,Multidisciplinary_Studies
Wyoming,Bachelors_degree,Other
Wyoming,Bachelors_degree,Physical_and_Related_Sciences
Wyoming,Bachelors_degree,Psychology
Wyoming,Bachelors_degree,Science_and_Engineering_Related_Fields
Wyoming,Bachelors_degree,Social_Sciences
Wyoming,Bachelors_degree,Visual_and_Performing_Arts
Wyoming,Less_than_high_school_graduate,
Wyoming,High_school_graduate_includes_equivalency,
Wyoming,Some_college_or_associates_degree,
Wyoming,Bachelors_degree,Combined_25_to_39_years
Wyoming,Bachelors_degree,Biological_Agricultural_and_Environmental_Sciences
Wyoming,Bachelors_degree,Business
Wyoming,Bachelors_degree,Communications
Wyoming,Bachelors_degree,Computers_Mathematics_and_Statistics
Wyoming,Bachelors_degree,Education
Wyoming,Bachelors_degree,Engineering
Wyoming,Bachelors_degree,Liberal_Arts_and_History
Wyoming,Bachelors_degree,Literature_and_Languages
Wyoming,Bachelors_degree,Multidisciplinary_Studies
Wyoming,Bachelors_degree,Other
Wyoming,Bachelors_degree,Physical_and_Related_Sciences
Wyoming,Bachelors_degree,Psychology
Wyoming,Bachelors_degree,Science_and_Engineering_Related_Fields
Wyoming,Bachelors_degree,Social_Sciences
Wyoming,Bachelors_degree,Visual_and_Performing_Arts
